name,createdAt,updatedAt,pullRequests,releases,primaryLanguage,issuesclosed,issuesopen,url,stargazerCount
996.ICU,2019-03-26T07:31:14Z,2022-10-02T16:49:29Z,1063,0,,0,0,https://github.com/996icu/996.ICU,264097
free-programming-books,2013-10-11T06:50:37Z,2022-10-02T23:54:13Z,4636,0,,726,36,https://github.com/EbookFoundation/free-programming-books,250628
coding-interview-university,2016-06-06T02:34:12Z,2022-10-02T23:04:01Z,335,0,,313,39,https://github.com/jwasham/coding-interview-university,235048
awesome,2014-07-11T13:42:37Z,2022-10-02T23:52:06Z,593,0,,292,20,https://github.com/sindresorhus/awesome,221584
public-apis,2016-03-20T23:49:42Z,2022-10-02T23:52:09Z,1870,0,Python,399,5,https://github.com/public-apis/public-apis,210643
vue,2013-07-29T03:24:51Z,2022-10-02T21:51:52Z,1100,241,TypeScript,9535,347,https://github.com/vuejs/vue,199758
system-design-primer,2017-02-26T16:15:28Z,2022-10-02T23:52:07Z,193,0,Python,67,165,https://github.com/donnemartin/system-design-primer,198735
You-Dont-Know-JS,2013-11-16T02:37:24Z,2022-10-02T22:58:43Z,355,0,,822,81,https://github.com/getify/You-Dont-Know-JS,159653
CS-Notes,2018-02-13T14:56:24Z,2022-10-02T23:45:14Z,375,0,,438,114,https://github.com/CyC2018/CS-Notes,157131
javascript-algorithms,2018-03-24T07:47:04Z,2022-10-02T23:51:58Z,268,0,JavaScript,192,104,https://github.com/trekhleb/javascript-algorithms,152172
ohmyzsh,2009-08-28T18:15:37Z,2022-10-02T21:51:56Z,2709,0,Shell,4034,240,https://github.com/ohmyzsh/ohmyzsh,150673
awesome-python,2014-06-27T21:00:06Z,2022-10-02T23:42:44Z,527,0,Python,395,15,https://github.com/vinta/awesome-python,143453
gitignore,2010-11-08T20:17:14Z,2022-10-02T23:00:23Z,1522,0,,0,0,https://github.com/github/gitignore,139005
JavaGuide,2018-05-07T13:27:00Z,2022-10-02T21:39:28Z,721,0,Java,760,66,https://github.com/Snailclimb/JavaGuide,127654
javascript,2012-11-01T23:13:50Z,2022-10-02T21:10:59Z,781,0,JavaScript,1100,89,https://github.com/airbnb/javascript,127612
computer-science,2014-05-04T00:18:39Z,2022-10-02T23:46:50Z,223,0,,571,8,https://github.com/ossu/computer-science,124960
youtube-dl,2010-10-31T14:35:07Z,2022-10-02T21:09:18Z,1571,341,Python,21333,3873,https://github.com/ytdl-org/youtube-dl,113873
the-art-of-command-line,2015-05-20T15:11:03Z,2022-10-02T23:20:09Z,304,0,,116,95,https://github.com/jlevy/the-art-of-command-line,111124
fucking-algorithm,2020-02-19T09:01:23Z,2022-10-02T23:40:59Z,209,1,Markdown,418,67,https://github.com/labuladong/fucking-algorithm,110710
awesome-selfhosted,2015-06-01T02:33:17Z,2022-10-02T23:42:58Z,1964,0,JavaScript,665,64,https://github.com/awesome-selfhosted/awesome-selfhosted,104591
30-seconds-of-code,2017-11-29T17:35:03Z,2022-10-02T23:51:27Z,753,4,JavaScript,277,0,https://github.com/30-seconds/30-seconds-of-code,103351
d3,2010-09-27T17:22:42Z,2022-10-02T22:08:09Z,439,186,JavaScript,2108,3,https://github.com/d3/d3,102976
create-react-app,2016-07-17T14:55:11Z,2022-10-02T16:09:12Z,1942,83,JavaScript,6430,1427,https://github.com/facebook/create-react-app,97208
axios,2014-08-18T22:30:27Z,2022-10-02T22:28:27Z,603,39,JavaScript,3628,161,https://github.com/axios/axios,96054
free-programming-books-zh_CN,2013-11-04T01:59:19Z,2022-10-02T18:40:43Z,280,3,,0,0,https://github.com/justjavac/free-programming-books-zh_CN,95918
awesome-go,2014-07-06T13:42:15Z,2022-10-02T23:33:54Z,2825,0,Go,467,17,https://github.com/avelino/awesome-go,88842
three.js,2010-03-23T18:58:01Z,2022-10-02T23:37:32Z,10027,137,JavaScript,10977,366,https://github.com/mrdoob/three.js,85782
nodebestpractices,2017-09-15T08:33:19Z,2022-10-02T20:30:47Z,737,0,JavaScript,279,21,https://github.com/goldbergyoni/nodebestpractices,81875
puppeteer,2017-05-09T22:16:13Z,2022-10-02T23:29:26Z,2688,127,TypeScript,5304,251,https://github.com/puppeteer/puppeteer,80165
the-book-of-secret-knowledge,2018-06-23T10:43:14Z,2022-10-02T23:42:25Z,122,0,,0,0,https://github.com/trimstray/the-book-of-secret-knowledge,79533
tech-interview-handbook,2016-07-05T05:00:48Z,2022-10-02T23:30:47Z,182,0,JavaScript,47,14,https://github.com/yangshun/tech-interview-handbook,79375
vue-element-admin,2017-04-17T03:35:49Z,2022-10-02T18:52:36Z,313,49,Vue,2322,1144,https://github.com/PanJiaChen/vue-element-admin,78720
project-based-learning,2017-04-12T05:07:46Z,2022-10-02T23:52:32Z,179,0,,42,16,https://github.com/practical-tutorials/project-based-learning,78556
java-design-patterns,2014-08-09T16:45:18Z,2022-10-02T23:18:18Z,863,0,Java,565,142,https://github.com/iluwatar/java-design-patterns,77113
animate.css,2011-10-12T10:07:38Z,2022-10-02T19:59:29Z,313,22,CSS,807,21,https://github.com/animate-css/animate.css,75902
thefuck,2015-04-08T15:08:04Z,2022-10-02T23:53:22Z,478,17,Python,450,200,https://github.com/nvbn/thefuck,73641
clean-code-javascript,2016-11-25T22:25:41Z,2022-10-02T22:51:49Z,148,0,JavaScript,81,48,https://github.com/ryanmcdermott/clean-code-javascript,73191
laravel,2011-06-08T03:06:08Z,2022-10-02T21:15:36Z,1449,121,PHP,0,0,https://github.com/laravel/laravel,71097
Font-Awesome,2012-02-17T14:19:43Z,2022-10-02T19:59:35Z,193,48,JavaScript,13307,5235,https://github.com/FortAwesome/Font-Awesome,70203
realworld,2016-02-26T20:49:53Z,2022-10-02T23:00:56Z,229,0,Shell,456,50,https://github.com/gothinkster/realworld,69332
django,2012-04-28T02:47:18Z,2022-10-02T23:31:17Z,7677,0,Python,0,0,https://github.com/django/django,66577
FiraCode,2014-11-11T19:32:38Z,2022-10-02T22:12:04Z,123,29,Clojure,894,333,https://github.com/tonsky/FiraCode,66547
awesome-vue,2015-10-20T00:16:14Z,2022-10-02T21:28:52Z,3347,0,,180,25,https://github.com/vuejs/awesome-vue,66485
papers-we-love,2013-12-15T14:31:41Z,2022-10-02T22:41:20Z,406,0,Shell,162,12,https://github.com/papers-we-love/papers-we-love,64723
gin,2014-06-16T23:57:25Z,2022-10-02T21:43:59Z,858,22,Go,1451,457,https://github.com/gin-gonic/gin,63268
hugo,2013-07-04T15:26:26Z,2022-10-02T23:18:05Z,1785,207,Go,5556,597,https://github.com/gohugoio/hugo,62712
svelte,2016-11-20T18:13:05Z,2022-10-02T18:57:20Z,2417,0,TypeScript,3939,668,https://github.com/sveltejs/svelte,62434
reveal.js,2011-06-07T18:54:22Z,2022-10-02T22:58:36Z,365,38,JavaScript,1549,619,https://github.com/hakimel/reveal.js,62127
Front-End-Checklist,2017-10-16T10:12:36Z,2022-10-02T20:38:42Z,172,1,,134,5,https://github.com/thedaviddias/Front-End-Checklist,62110
webpack,2012-03-10T10:08:14Z,2022-10-02T18:09:55Z,4180,381,JavaScript,9016,194,https://github.com/webpack/webpack,61870
nvm,2010-04-15T17:47:47Z,2022-10-02T21:48:23Z,654,60,Shell,1506,304,https://github.com/nvm-sh/nvm,61223
tailwindcss,2017-10-06T14:59:14Z,2022-10-02T22:19:53Z,1517,201,JavaScript,2522,1,https://github.com/tailwindlabs/tailwindcss,61031
flask,2010-04-06T11:11:59Z,2022-10-02T18:27:22Z,1404,23,Python,2400,2,https://github.com/pallets/flask,60690
frp,2015-12-21T15:24:59Z,2022-10-02T21:04:45Z,394,73,Go,2397,102,https://github.com/fatedier/frp,60513
free-for-dev,2015-03-18T21:06:26Z,2022-10-02T22:45:18Z,1961,0,HTML,0,0,https://github.com/ripienaar/free-for-dev,60358
angular.js,2010-01-06T00:34:37Z,2022-10-02T10:36:38Z,789,0,JavaScript,8649,391,https://github.com/angular/angular.js,59381
redux,2015-05-29T23:53:15Z,2022-10-02T18:34:01Z,1551,67,TypeScript,1924,42,https://github.com/reduxjs/redux,58706
atom,2012-01-20T18:18:21Z,2022-10-02T17:58:37Z,3932,538,JavaScript,16144,926,https://github.com/atom/atom,58550
express,2009-06-26T18:56:01Z,2022-10-02T20:16:49Z,257,146,JavaScript,3593,110,https://github.com/expressjs/express,58489
Chart.js,2013-03-17T23:56:36Z,2022-10-02T22:08:01Z,2746,91,JavaScript,6403,159,https://github.com/chartjs/Chart.js,58287
neovim,2014-01-31T13:39:22Z,2022-10-02T23:34:06Z,8037,28,Vim Script,7450,1257,https://github.com/neovim/neovim,58198
app-ideas,2019-02-25T18:36:56Z,2022-10-02T22:05:14Z,149,0,,32,52,https://github.com/florinpop17/app-ideas,58183
Web-Dev-For-Beginners,2020-11-10T02:44:00Z,2022-10-02T23:52:00Z,348,0,JavaScript,0,0,https://github.com/microsoft/Web-Dev-For-Beginners,57903
redis,2009-03-21T22:32:25Z,2022-10-02T21:55:29Z,2991,36,C,3923,1731,https://github.com/redis/redis,57013
code-server,2019-02-27T16:50:41Z,2022-10-02T23:10:45Z,1166,83,TypeScript,2825,195,https://github.com/coder/code-server,56895
jquery,2009-04-03T15:20:14Z,2022-10-02T17:43:08Z,559,3,JavaScript,2133,75,https://github.com/jquery/jquery,56762
socket.io,2010-03-11T18:24:48Z,2022-10-02T21:15:35Z,410,51,TypeScript,3149,95,https://github.com/socketio/socket.io,56752
keras,2015-03-28T00:35:42Z,2022-10-02T23:25:15Z,2703,41,Python,11229,252,https://github.com/keras-team/keras,56304
awesome-machine-learning,2014-07-15T19:11:19Z,2022-10-02T23:51:36Z,756,0,Python,75,1,https://github.com/josephmisiti/awesome-machine-learning,56144
iptv,2018-11-14T22:00:57Z,2022-10-02T22:33:24Z,4676,0,JavaScript,3015,506,https://github.com/iptv-org/iptv,56025
Front-end-Developer-Interview-Questions,2012-02-09T23:34:10Z,2022-10-02T21:13:57Z,424,0,Nunjucks,124,4,https://github.com/h5bp/Front-end-Developer-Interview-Questions,55379
shadowsocks-windows,2013-01-14T07:54:16Z,2022-10-02T21:21:28Z,278,55,C#,2706,103,https://github.com/shadowsocks/shadowsocks-windows,55154
lodash,2012-04-07T04:11:46Z,2022-10-02T19:40:31Z,573,2,JavaScript,3767,276,https://github.com/lodash/lodash,54494
Apollo-11,2014-04-03T15:45:02Z,2022-10-02T16:38:33Z,306,0,Assembly,316,58,https://github.com/chrislgarry/Apollo-11,53595
awesome-mac,2016-07-17T15:33:47Z,2022-10-02T23:00:18Z,671,5,JavaScript,245,84,https://github.com/jaywcjlove/awesome-mac,53493
html5-boilerplate,2010-01-24T18:03:24Z,2022-10-02T21:13:10Z,647,32,JavaScript,1274,7,https://github.com/h5bp/html5-boilerplate,53405
echarts,2013-04-03T03:18:59Z,2022-10-02T21:15:37Z,1086,105,TypeScript,14030,2120,https://github.com/apache/echarts,52764
element,2016-09-03T06:19:26Z,2022-10-02T16:27:16Z,3198,141,Vue,15140,2076,https://github.com/ElemeFE/element,52696
33-js-concepts,2018-09-04T13:27:04Z,2022-10-02T23:41:12Z,139,0,JavaScript,32,13,https://github.com/leonardomso/33-js-concepts,51938
tauri,2019-07-13T09:09:37Z,2022-10-02T23:49:38Z,2586,442,Rust,1626,202,https://github.com/tauri-apps/tauri,51623
awesome-react,2014-08-06T05:31:44Z,2022-10-02T23:37:48Z,764,0,,71,18,https://github.com/enaqx/awesome-react,51369
awesome-public-datasets,2014-11-20T06:20:50Z,2022-10-02T23:35:33Z,188,0,,46,58,https://github.com/awesomedata/awesome-public-datasets,51257
nest,2017-02-04T20:12:52Z,2022-10-02T22:22:21Z,4335,75,TypeScript,4334,43,https://github.com/nestjs/nest,51106
mermaid,2014-11-01T23:52:32Z,2022-10-02T21:06:00Z,1275,94,JavaScript,1251,784,https://github.com/mermaid-js/mermaid,50200
Semantic-UI,2013-04-08T23:32:04Z,2022-10-02T15:03:21Z,351,153,JavaScript,5242,947,https://github.com/Semantic-Org/Semantic-UI,50191
fastapi,2018-12-08T08:21:47Z,2022-10-02T23:40:51Z,1009,133,Python,1997,1114,https://github.com/tiangolo/fastapi,50115
awesome-interview-questions,2015-11-28T09:48:17Z,2022-10-02T23:01:51Z,175,0,,29,1,https://github.com/DopplerHQ/awesome-interview-questions,50071
leetcode,2018-03-30T09:13:51Z,2022-10-02T13:49:47Z,252,40,JavaScript,239,2,https://github.com/azl397985856/leetcode,49463
spring-framework,2010-12-08T04:04:45Z,2022-10-02T16:00:20Z,720,236,Java,21308,1228,https://github.com/spring-projects/spring-framework,49279
DeepLearning-500-questions,2018-06-27T06:36:45Z,2022-10-02T14:35:05Z,302,0,JavaScript,80,100,https://github.com/scutan90/DeepLearning-500-questions,49058
requests,2011-02-13T18:38:17Z,2022-10-02T22:13:20Z,1456,4,Python,3454,190,https://github.com/psf/requests,48307
react-router,2014-05-16T22:22:51Z,2022-10-02T21:38:25Z,1547,248,TypeScript,6521,90,https://github.com/remix-run/react-router,48274
javascript-questions,2019-06-12T08:26:27Z,2022-10-02T20:05:52Z,290,0,,130,69,https://github.com/lydiahallie/javascript-questions,48214
Java,2016-07-16T10:21:02Z,2022-10-02T23:25:10Z,849,0,Java,688,18,https://github.com/TheAlgorithms/Java,48117
ionic-framework,2013-08-20T23:06:02Z,2022-10-02T18:38:38Z,3837,430,TypeScript,19785,548,https://github.com/ionic-team/ionic-framework,48025
vite,2020-04-21T05:03:57Z,2022-10-02T23:50:21Z,2533,192,TypeScript,4228,477,https://github.com/vitejs/vite,48009
Best-websites-a-programmer-should-visit,2017-03-05T20:25:17Z,2022-10-02T21:53:30Z,347,0,,58,20,https://github.com/sdmg15/Best-websites-a-programmer-should-visit,47911
HowToCook,2020-02-29T10:43:49Z,2022-10-02T16:28:51Z,427,1,Shell,235,312,https://github.com/Anduin2017/HowToCook,47357
fzf,2013-10-23T16:04:23Z,2022-10-02T23:50:51Z,339,20,Go,1965,249,https://github.com/junegunn/fzf,47310
manim,2015-03-22T18:50:58Z,2022-10-02T23:38:12Z,517,10,Python,652,338,https://github.com/3b1b/manim,47226
hoppscotch,2019-08-21T13:15:24Z,2022-10-02T21:56:42Z,965,15,Vue,797,87,https://github.com/hoppscotch/hoppscotch,47212
awesome-nodejs,2014-07-11T13:35:34Z,2022-10-02T21:24:27Z,391,0,,96,0,https://github.com/sindresorhus/awesome-nodejs,47038
moment,2011-03-01T02:46:06Z,2022-10-02T20:05:18Z,712,0,JavaScript,3820,178,https://github.com/moment/moment,46952
syncthing,2013-11-26T09:48:21Z,2022-10-02T23:17:09Z,2226,311,Go,4650,318,https://github.com/syncthing/syncthing,46929
tesseract,2014-08-12T18:04:59Z,2022-10-02T23:01:31Z,1284,22,C++,2056,355,https://github.com/tesseract-ocr/tesseract,46875
RxJava,2013-01-08T20:11:48Z,2022-10-02T20:45:38Z,3103,229,Java,3086,13,https://github.com/ReactiveX/RxJava,46501
github-readme-stats,2020-07-09T10:34:22Z,2022-10-02T23:45:33Z,407,0,JavaScript,706,83,https://github.com/anuraghazra/github-readme-stats,46411
bulma,2016-01-23T23:48:34Z,2022-10-02T20:40:04Z,596,17,CSS,2275,158,https://github.com/jgthms/bulma,46164
guava,2014-05-29T16:23:17Z,2022-10-02T16:17:49Z,363,35,Java,2730,659,https://github.com/google/guava,45826
you-get,2012-08-20T15:53:36Z,2022-10-02T19:59:34Z,560,117,Python,0,0,https://github.com/soimort/you-get,45587
jekyll,2008-10-20T06:29:03Z,2022-10-02T20:00:07Z,3029,103,Ruby,4520,75,https://github.com/jekyll/jekyll,45367
scrapy,2010-02-22T02:01:14Z,2022-10-02T21:55:48Z,1829,28,Python,2182,520,https://github.com/scrapy/scrapy,44686
design-resources-for-developers,2020-05-06T14:40:35Z,2022-10-02T20:01:26Z,798,0,,80,0,https://github.com/bradtraversy/design-resources-for-developers,44330
awesome-for-beginners,2015-10-24T19:53:36Z,2022-10-02T23:51:51Z,334,0,,104,4,https://github.com/MunGell/awesome-for-beginners,44176
prettier,2016-11-29T17:13:37Z,2022-10-02T23:01:14Z,6463,85,JavaScript,4802,902,https://github.com/prettier/prettier,43935
cs-video-courses,2016-10-21T17:02:11Z,2022-10-02T21:52:22Z,108,0,,79,6,https://github.com/Developer-Y/cs-video-courses,43823
localstack,2016-10-25T23:48:03Z,2022-10-02T21:40:32Z,2703,56,Python,3612,291,https://github.com/localstack/localstack,43744
serverless,2015-04-21T03:48:40Z,2022-10-02T16:04:14Z,4293,348,JavaScript,4839,918,https://github.com/serverless/serverless,43540
caddy,2015-01-13T19:45:03Z,2022-10-02T23:09:28Z,1460,100,Go,3084,65,https://github.com/caddyserver/caddy,43453
meteor,2012-01-19T01:58:17Z,2022-10-02T16:11:33Z,1638,0,JavaScript,8627,146,https://github.com/meteor/meteor,43044
awesome-flutter,2017-05-07T11:45:27Z,2022-10-02T20:01:28Z,416,0,Dart,0,0,https://github.com/Solido/awesome-flutter,43038
awesome-courses,2014-11-15T18:36:49Z,2022-10-02T22:06:44Z,184,0,,34,30,https://github.com/prakhar1989/awesome-courses,42974
okhttp,2012-07-23T13:42:55Z,2022-10-02T09:00:29Z,2944,0,Kotlin,3577,135,https://github.com/square/okhttp,42946
learn-regex,2017-07-22T12:21:03Z,2022-10-02T20:39:29Z,124,0,,35,48,https://github.com/ziishaned/learn-regex,42833
kotlin,2012-02-13T17:29:58Z,2022-10-02T16:38:38Z,1999,191,Kotlin,0,0,https://github.com/JetBrains/kotlin,42747
ML-For-Beginners,2021-03-03T01:34:05Z,2022-10-02T21:22:58Z,336,0,Jupyter Notebook,0,0,https://github.com/microsoft/ML-For-Beginners,42381
faceswap,2017-12-19T09:44:13Z,2022-10-02T20:01:37Z,343,3,Python,763,14,https://github.com/deepfakes/faceswap,42361
alacritty,2016-02-18T05:02:30Z,2022-10-02T22:54:28Z,1469,73,Rust,4129,304,https://github.com/alacritty/alacritty,42131
SecLists,2012-02-19T01:30:18Z,2022-10-02T21:09:24Z,449,17,PHP,174,25,https://github.com/danielmiessler/SecLists,42033
obs-studio,2013-10-01T02:40:31Z,2022-10-02T22:04:42Z,3136,164,C,1994,507,https://github.com/obsproject/obs-studio,41968
imgui,2014-07-21T14:29:47Z,2022-10-02T22:21:14Z,292,79,C++,3647,670,https://github.com/ocornut/imgui,41951
AdminLTE,2013-12-25T02:52:40Z,2022-10-02T21:50:34Z,1132,72,JavaScript,2652,57,https://github.com/ColorlibHQ/AdminLTE,41553
architecture-samples,2016-02-05T13:42:07Z,2022-10-02T18:26:35Z,194,0,Kotlin,289,146,https://github.com/android/architecture-samples,41548
PayloadsAllTheThings,2016-10-18T07:29:07Z,2022-10-02T22:49:36Z,395,2,Python,0,0,https://github.com/swisskyrepo/PayloadsAllTheThings,41511
babel,2014-09-28T13:38:23Z,2022-10-02T23:41:43Z,4946,317,TypeScript,7645,634,https://github.com/babel/babel,41446
nuxt.js,2016-10-26T11:18:47Z,2022-10-02T16:10:17Z,2364,150,JavaScript,6347,465,https://github.com/nuxt/nuxt.js,41380
parcel,2017-08-07T16:36:47Z,2022-10-02T20:01:43Z,2018,21,JavaScript,4149,686,https://github.com/parcel-bundler/parcel,41373
etcd,2013-07-06T21:57:21Z,2022-10-02T23:02:55Z,7010,215,Go,5783,155,https://github.com/etcd-io/etcd,41359
Ghost,2013-05-04T11:09:13Z,2022-10-02T23:44:25Z,6954,572,JavaScript,6390,29,https://github.com/TryGhost/Ghost,41188
gogs,2014-02-12T01:57:08Z,2022-10-02T19:01:15Z,1451,74,Go,4135,796,https://github.com/gogs/gogs,40962
build-web-application-with-golang,2012-08-02T11:49:35Z,2022-10-02T22:31:30Z,758,0,Go,181,109,https://github.com/astaxie/build-web-application-with-golang,40955
yarn,2016-01-19T17:39:16Z,2022-10-02T20:01:45Z,1652,150,JavaScript,4615,1810,https://github.com/yarnpkg/yarn,40861
awesome-ios,2014-07-10T16:03:45Z,2022-10-02T21:28:56Z,2163,0,Swift,448,2,https://github.com/vsouza/awesome-ios,40703
awesome-cpp,2014-07-17T08:51:11Z,2022-10-02T23:52:28Z,502,0,,168,350,https://github.com/fffaraz/awesome-cpp,40679
retrofit,2010-09-06T21:39:43Z,2022-10-02T13:45:49Z,764,0,Java,2458,143,https://github.com/square/retrofit,40594
v2ray-core,2015-09-04T11:42:53Z,2022-10-02T23:43:16Z,202,247,Go,2445,28,https://github.com/v2ray/v2ray-core,40493
dayjs,2018-04-10T09:26:44Z,2022-10-02T20:38:21Z,632,111,JavaScript,726,459,https://github.com/iamkun/dayjs,40485
pdf.js,2011-04-26T06:32:03Z,2022-10-02T18:55:48Z,5927,44,JavaScript,8174,360,https://github.com/mozilla/pdf.js,40043
Ventoy,2020-03-10T15:19:19Z,2022-10-02T23:12:29Z,139,78,C,1153,317,https://github.com/ventoy/Ventoy,40026
rich,2019-11-10T15:28:09Z,2022-10-02T23:39:29Z,636,141,Python,865,49,https://github.com/Textualize/rich,39925
traefik,2015-09-13T19:04:02Z,2022-10-02T20:23:29Z,3578,379,Go,4538,602,https://github.com/traefik/traefik,39837
hyper,2016-07-01T06:01:21Z,2022-10-02T21:00:07Z,2541,81,TypeScript,2760,816,https://github.com/vercel/hyper,39367
supabase,2019-10-12T05:56:49Z,2022-10-02T23:42:02Z,2855,20,TypeScript,1287,189,https://github.com/supabase/supabase,39307
git-flight-rules,2014-07-22T20:35:09Z,2022-10-02T07:38:28Z,208,0,,52,14,https://github.com/k88hudson/git-flight-rules,39301
algorithm-visualizer,2016-05-15T00:27:45Z,2022-10-02T17:13:27Z,182,0,JavaScript,72,19,https://github.com/algorithm-visualizer/algorithm-visualizer,39182
nw.js,2012-01-04T06:21:10Z,2022-10-02T15:57:56Z,568,0,JavaScript,6210,905,https://github.com/nwjs/nw.js,39147
x64dbg,2015-04-11T20:48:23Z,2022-10-02T22:06:38Z,577,3,C++,1677,498,https://github.com/x64dbg/x64dbg,39143
awesome-wechat-weapp,2016-09-22T20:04:48Z,2022-10-02T13:26:12Z,271,0,,0,0,https://github.com/justjavac/awesome-wechat-weapp,38950
pi-hole,2014-06-08T15:02:55Z,2022-10-02T22:48:34Z,1502,85,Shell,2557,27,https://github.com/pi-hole/pi-hole,38907
materialize,2014-09-12T19:35:38Z,2022-10-02T11:07:17Z,449,41,JavaScript,4586,622,https://github.com/Dogfalo/materialize,38727
nerd-fonts,2014-12-05T04:31:17Z,2022-10-02T22:51:48Z,214,24,CSS,385,237,https://github.com/ryanoasis/nerd-fonts,38556
Alamofire,2014-07-31T05:56:19Z,2022-10-02T22:46:26Z,557,91,Swift,2618,31,https://github.com/Alamofire/Alamofire,38384
tabby,2016-12-23T09:06:10Z,2022-10-02T22:02:23Z,1285,163,TypeScript,2554,1048,https://github.com/Eugeny/tabby,38171
dubbo,2012-06-19T07:56:02Z,2022-10-02T12:09:20Z,3469,57,Java,5036,451,https://github.com/apache/dubbo,37921
pm2,2013-05-21T03:25:25Z,2022-10-02T21:15:17Z,533,118,JavaScript,3973,635,https://github.com/Unitech/pm2,37795
chinese-poetry,2016-09-02T03:32:25Z,2022-10-02T23:54:15Z,121,1,JavaScript,81,82,https://github.com/chinese-poetry/chinese-poetry,37778
pixijs,2013-01-21T22:40:50Z,2022-10-02T22:19:58Z,2453,166,TypeScript,4829,96,https://github.com/pixijs/pixijs,37612
styled-components,2016-08-16T06:41:32Z,2022-10-02T22:18:55Z,851,122,TypeScript,2473,114,https://github.com/styled-components/styled-components,37482
bat,2018-04-21T10:52:23Z,2022-10-02T22:59:17Z,1033,38,Rust,967,151,https://github.com/sharkdp/bat,37377
uni-app,2018-07-12T08:52:39Z,2022-10-02T21:29:57Z,205,0,JavaScript,2573,1002,https://github.com/dcloudio/uni-app,37200
github-cheat-sheet,2014-04-12T16:38:42Z,2022-10-02T21:03:44Z,129,0,,41,11,https://github.com/tiimgreen/github-cheat-sheet,37116
impress.js,2011-12-28T22:23:19Z,2022-10-01T08:56:35Z,107,15,JavaScript,408,50,https://github.com/impress/impress.js,36955
huginn,2013-03-10T06:00:31Z,2022-10-02T21:43:00Z,923,1,Ruby,1421,562,https://github.com/huginn/huginn,36548
marktext,2017-11-12T16:05:25Z,2022-10-02T18:21:34Z,930,36,JavaScript,1551,857,https://github.com/marktext/marktext,36235
edex-ui,2017-01-28T09:35:02Z,2022-10-02T21:46:38Z,399,29,JavaScript,553,6,https://github.com/GitSquared/edex-ui,36057
openpilot,2016-11-24T01:33:30Z,2022-10-02T18:09:34Z,5164,47,Python,1618,189,https://github.com/commaai/openpilot,36002
fastlane,2014-12-02T17:00:38Z,2022-10-02T21:50:19Z,5940,527,Ruby,12144,127,https://github.com/fastlane/fastlane,35864
sherlock,2018-12-24T14:30:48Z,2022-10-02T23:16:44Z,442,0,Python,595,79,https://github.com/sherlock-project/sherlock,35709
Leaflet,2010-09-22T16:57:44Z,2022-10-02T21:11:47Z,2549,28,JavaScript,4551,363,https://github.com/Leaflet/Leaflet,35676
MPAndroidChart,2014-04-25T14:29:47Z,2022-10-02T18:46:18Z,190,44,Java,2862,1973,https://github.com/PhilJay/MPAndroidChart,35649
CppCoreGuidelines,2015-08-19T20:22:52Z,2022-10-02T20:38:56Z,735,4,Python,830,187,https://github.com/isocpp/CppCoreGuidelines,35632
hexo,2012-09-23T15:17:08Z,2022-10-02T20:18:19Z,808,107,JavaScript,3734,75,https://github.com/hexojs/hexo,35481
front-end-interview-handbook,2018-01-13T19:40:08Z,2022-10-02T23:25:06Z,220,0,JavaScript,74,11,https://github.com/yangshun/front-end-interview-handbook,35336
d2l-zh,2017-08-23T04:40:24Z,2022-10-02T20:24:06Z,990,15,Python,0,0,https://github.com/d2l-ai/d2l-zh,35332
frontend-dev-bookmarks,2013-06-22T13:23:55Z,2022-10-02T23:29:05Z,129,1,,79,18,https://github.com/dypsilon/frontend-dev-bookmarks,35326
python-patterns,2012-06-06T21:02:35Z,2022-10-02T22:41:02Z,260,0,Python,69,11,https://github.com/faif/python-patterns,35161
what-happens-when,2013-11-07T04:30:06Z,2022-10-02T13:37:09Z,108,0,,20,92,https://github.com/alex/what-happens-when,35119
rclone,2014-03-16T16:19:57Z,2022-10-02T21:08:17Z,1344,86,Go,3838,742,https://github.com/rclone/rclone,34829
ghidra,2019-03-01T03:27:48Z,2022-10-02T21:52:37Z,308,22,Java,2178,1189,https://github.com/NationalSecurityAgency/ghidra,34750
node-v0.x-archive,2009-05-27T16:29:46Z,2022-10-02T17:25:25Z,218,0,,5845,535,https://github.com/nodejs/node-v0.x-archive,34651
bun,2021-04-14T00:48:17Z,2022-10-02T23:46:46Z,295,56,Zig,439,342,https://github.com/oven-sh/bun,34583
slate,2013-09-13T22:15:24Z,2022-10-02T14:41:59Z,285,27,SCSS,550,42,https://github.com/slatedocs/slate,34555
php-src,2011-06-16T01:52:25Z,2022-10-02T19:28:17Z,1304,0,C,622,217,https://github.com/php/php-src,34372
zx,2021-05-05T05:50:01Z,2022-10-02T20:51:52Z,101,52,JavaScript,262,11,https://github.com/google/zx,34295
video.js,2010-05-14T18:45:10Z,2022-10-02T20:52:46Z,1537,270,JavaScript,4514,331,https://github.com/videojs/video.js,34278
fullPage.js,2013-09-20T11:58:29Z,2022-10-02T16:35:05Z,287,80,JavaScript,3781,156,https://github.com/alvarotrigo/fullPage.js,34067
ailearning,2017-02-25T08:53:02Z,2022-10-02T15:11:10Z,468,2,Python,101,2,https://github.com/apachecn/ailearning,34007
dive,2018-05-13T15:44:01Z,2022-10-02T22:09:22Z,115,24,Go,144,118,https://github.com/wagoodman/dive,33895
hackathon-starter,2013-11-13T17:24:12Z,2022-10-02T23:51:15Z,310,14,JavaScript,607,6,https://github.com/sahat/hackathon-starter,33766
awesome-java,2014-07-09T10:12:43Z,2022-10-02T18:56:26Z,617,0,,110,4,https://github.com/akullpp/awesome-java,33740
quill,2012-07-30T23:23:18Z,2022-10-02T23:26:03Z,226,82,JavaScript,1902,1192,https://github.com/quilljs/quill,33719
Motrix,2018-12-18T11:45:05Z,2022-10-02T21:28:02Z,144,14,JavaScript,484,561,https://github.com/agalwood/Motrix,33639
lerna,2015-12-04T09:36:55Z,2022-10-02T22:55:17Z,697,192,JavaScript,1915,382,https://github.com/lerna/lerna,33634
brackets,2011-12-07T21:14:40Z,2022-09-30T19:49:24Z,4333,69,JavaScript,7067,2620,https://github.com/adobe/brackets,33539
esbuild,2016-06-14T16:08:50Z,2022-10-02T23:31:41Z,197,196,Go,1951,287,https://github.com/evanw/esbuild,33440
ripgrep,2016-03-11T02:02:33Z,2022-10-02T22:22:06Z,441,66,Rust,1255,125,https://github.com/BurntSushi/ripgrep,33435
excalidraw,2020-01-02T01:04:43Z,2022-10-02T21:59:27Z,2703,4,TypeScript,1412,669,https://github.com/excalidraw/excalidraw,33406
AFNetworking,2011-05-31T21:28:44Z,2022-10-02T14:52:25Z,709,40,Objective-C,3059,79,https://github.com/AFNetworking/AFNetworking,33334
lottie-android,2016-10-06T22:42:42Z,2022-10-02T09:18:04Z,553,43,Java,1440,38,https://github.com/airbnb/lottie-android,33241
koa,2013-07-20T18:53:45Z,2022-10-02T23:04:05Z,449,0,JavaScript,844,28,https://github.com/koajs/koa,33168
preact,2015-09-11T02:40:18Z,2022-10-02T21:51:29Z,1377,174,JavaScript,1433,133,https://github.com/preactjs/preact,33042
glide,2013-07-08T22:52:33Z,2022-10-02T05:45:46Z,418,41,Java,3795,361,https://github.com/bumptech/glide,33007
yt-dlp,2020-10-26T04:22:55Z,2022-10-02T22:30:41Z,1028,62,Python,2853,703,https://github.com/yt-dlp/yt-dlp,32964
ant-design-pro,2017-08-25T10:40:44Z,2022-10-02T13:23:47Z,909,26,TypeScript,8650,75,https://github.com/ant-design/ant-design-pro,32948
shadowsocks-android,2012-12-16T13:40:29Z,2022-10-02T17:02:03Z,244,182,Kotlin,2372,47,https://github.com/shadowsocks/shadowsocks-android,32914
phaser,2013-04-12T12:27:51Z,2022-10-02T21:36:30Z,1513,125,JavaScript,3809,155,https://github.com/photonstorm/phaser,32899
caffe,2013-09-12T18:39:48Z,2022-10-02T17:46:15Z,1087,14,C++,3891,894,https://github.com/BVLC/caffe,32882
swiper,2012-03-14T19:11:45Z,2022-10-02T22:03:08Z,511,27,JavaScript,4359,226,https://github.com/nolimits4web/swiper,32737
gulp,2013-07-04T05:26:06Z,2022-10-02T21:02:59Z,395,22,JavaScript,1846,24,https://github.com/gulpjs/gulp,32627
clipboard.js,2015-09-18T23:04:55Z,2022-10-02T15:13:14Z,111,42,JavaScript,597,5,https://github.com/zenorocha/clipboard.js,32582
uBlock,2015-04-01T17:51:11Z,2022-10-02T23:06:51Z,203,247,JavaScript,3416,35,https://github.com/gorhill/uBlock,32564
og-aws,2016-07-13T17:30:16Z,2022-10-02T21:46:06Z,498,0,Shell,86,136,https://github.com/open-guides/og-aws,32560
awesome-react-components,2016-06-24T15:19:33Z,2022-10-02T22:28:17Z,279,0,,41,1,https://github.com/brillout/awesome-react-components,32496
open-source-mac-os-apps,2017-11-03T02:35:33Z,2022-10-02T22:25:41Z,482,0,Swift,131,38,https://github.com/serhii-londar/open-source-mac-os-apps,32366
joplin,2017-01-16T21:49:41Z,2022-10-02T21:30:38Z,1442,266,TypeScript,4532,273,https://github.com/laurent22/joplin,32314
immutable-js,2014-07-02T06:02:29Z,2022-10-02T15:44:54Z,445,62,TypeScript,1115,97,https://github.com/immutable-js/immutable-js,32259
hiring-without-whiteboards,2017-03-15T05:09:01Z,2022-10-02T21:33:46Z,1126,0,JavaScript,0,0,https://github.com/poteto/hiring-without-whiteboards,32213
react-use,2018-10-27T10:16:05Z,2022-10-02T23:02:38Z,1470,249,TypeScript,221,288,https://github.com/streamich/react-use,32209
material-design-lite,2015-01-14T22:01:33Z,2022-10-01T17:06:34Z,655,14,HTML,1809,363,https://github.com/google/material-design-lite,32096
leetcode-master,2019-12-14T12:05:42Z,2022-10-02T23:41:57Z,1401,0,,42,91,https://github.com/youngyangyang04/leetcode-master,32079
tutorials,2013-04-29T18:26:36Z,2022-10-02T21:04:15Z,8784,0,Java,596,30,https://github.com/eugenp/tutorials,32077
json,2013-07-04T08:47:49Z,2022-10-02T23:46:06Z,646,43,C++,2013,24,https://github.com/nlohmann/json,32017
awesome-react-native,2015-03-26T19:58:06Z,2022-10-02T17:02:46Z,912,0,JavaScript,34,32,https://github.com/jondot/awesome-react-native,31957
open-source-ios-apps,2015-01-26T23:32:34Z,2022-10-02T22:21:08Z,709,37,,240,1,https://github.com/dkhamsing/open-source-ios-apps,31917
jadx,2013-03-18T17:08:21Z,2022-10-02T16:18:31Z,355,25,Java,1016,257,https://github.com/skylot/jadx,31763
nativefier,2015-07-05T05:56:42Z,2022-10-02T19:13:25Z,250,93,TypeScript,957,186,https://github.com/nativefier/nativefier,31759
styleguide,2015-05-20T19:18:59Z,2022-10-02T19:19:43Z,140,0,HTML,114,185,https://github.com/google/styleguide,31757
taro,2018-04-08T09:32:26Z,2022-10-02T11:24:08Z,2295,132,TypeScript,8173,857,https://github.com/NervJS/taro,31659
tabler,2018-02-01T09:08:59Z,2022-10-02T20:58:46Z,310,34,HTML,560,49,https://github.com/tabler/tabler,31634
clash,2018-06-10T14:28:14Z,2022-10-02T20:51:20Z,247,46,Go,1525,64,https://github.com/Dreamacro/clash,31496
powerlevel10k,2019-02-24T19:09:45Z,2022-10-02T23:52:39Z,115,29,Shell,1844,22,https://github.com/romkatv/powerlevel10k,31463
sheetjs,2012-12-03T19:25:52Z,2022-10-02T20:04:56Z,111,0,JavaScript,2260,114,https://github.com/SheetJS/sheetjs,31386
XX-Net,2015-01-15T09:35:51Z,2022-10-02T22:25:50Z,359,336,Python,5246,7824,https://github.com/XX-net/XX-Net,31383
gold-miner,2015-11-04T03:29:13Z,2022-10-02T16:54:03Z,3507,0,,5498,3,https://github.com/xitu/gold-miner,31355
iina,2016-12-19T07:18:45Z,2022-10-02T20:06:22Z,420,39,Swift,1798,1341,https://github.com/iina/iina,31342
monaco-editor,2016-06-07T16:56:31Z,2022-10-02T23:47:48Z,196,0,JavaScript,2212,763,https://github.com/microsoft/monaco-editor,31328
carbon,2017-06-16T02:50:28Z,2022-10-02T18:59:09Z,629,215,JavaScript,588,21,https://github.com/carbon-app/carbon,31309
yolov5,2020-05-18T03:45:11Z,2022-10-02T22:33:30Z,1705,9,Python,6399,305,https://github.com/ultralytics/yolov5,31274
formik,2017-06-14T19:50:59Z,2022-10-02T23:11:09Z,743,170,TypeScript,1494,618,https://github.com/jaredpalmer/formik,31263
the-way-to-go_ZH_CN,2013-03-24T17:18:38Z,2022-10-02T16:21:30Z,592,0,Go,0,0,https://github.com/unknwon/the-way-to-go_ZH_CN,31118
jQuery-File-Upload,2010-12-01T15:35:32Z,2022-10-02T20:02:25Z,119,0,PHP,3258,49,https://github.com/blueimp/jQuery-File-Upload,31061
android-open-project,2014-01-05T15:20:15Z,2022-10-02T18:59:15Z,201,0,,69,11,https://github.com/Trinea/android-open-project,31058
Made-With-ML,2018-11-05T03:44:27Z,2022-10-02T18:03:44Z,140,0,Jupyter Notebook,38,0,https://github.com/GokuMohandas/Made-With-ML,31047
react-hook-form,2019-03-05T23:47:10Z,2022-10-02T23:22:27Z,1679,478,TypeScript,3370,0,https://github.com/react-hook-form/react-hook-form,30848
awesome-cheatsheets,2017-11-09T02:47:15Z,2022-10-02T21:54:56Z,157,0,JavaScript,42,18,https://github.com/LeCoupa/awesome-cheatsheets,30750
arthas,2018-08-29T17:15:57Z,2022-10-02T14:59:52Z,405,46,Java,1392,200,https://github.com/alibaba/arthas,30628
devops-exercises,2019-10-03T17:31:21Z,2022-10-02T22:58:09Z,181,0,Python,45,13,https://github.com/bregman-arie/devops-exercises,30622
cheat.sh,2017-05-07T21:40:56Z,2022-10-02T22:36:19Z,122,0,Python,121,93,https://github.com/chubin/cheat.sh,30610
nocodb,2017-10-29T18:51:48Z,2022-10-02T20:46:37Z,1124,72,TypeScript,1147,403,https://github.com/nocodb/nocodb,30307
rustlings,2015-09-15T02:25:18Z,2022-10-02T21:14:19Z,547,32,Rust,341,78,https://github.com/rust-lang/rustlings,30221
zxing,2011-10-12T14:07:27Z,2022-10-02T18:59:34Z,207,28,Java,1163,5,https://github.com/zxing/zxing,30174
shellcheck,2012-11-17T03:15:11Z,2022-10-02T22:14:33Z,255,27,Haskell,1468,792,https://github.com/koalaman/shellcheck,30051
query,2019-09-10T19:23:58Z,2022-10-02T23:01:47Z,1022,416,TypeScript,1021,19,https://github.com/TanStack/query,30042
lazygit,2018-05-19T00:53:06Z,2022-10-02T21:11:38Z,808,136,Go,784,356,https://github.com/jesseduffield/lazygit,30033
cli,2019-10-03T15:24:53Z,2022-10-02T22:10:58Z,1490,92,Go,2623,392,https://github.com/cli/cli,30001
mastodon,2016-02-22T15:01:25Z,2022-10-02T13:32:08Z,10144,170,Ruby,4708,2276,https://github.com/mastodon/mastodon,29992
date-fns,2014-10-06T10:24:22Z,2022-10-02T19:31:54Z,1023,105,TypeScript,1145,342,https://github.com/date-fns/date-fns,29905
gorm,2013-10-25T08:31:38Z,2022-10-02T23:35:03Z,563,2,Go,4508,174,https://github.com/go-gorm/gorm,29852
devdocs,2013-10-24T18:16:07Z,2022-10-02T20:04:16Z,468,0,Ruby,912,117,https://github.com/freeCodeCamp/devdocs,29737
meilisearch,2018-04-23T11:45:28Z,2022-10-02T23:27:34Z,959,106,Rust,1055,63,https://github.com/meilisearch/meilisearch,29707
rustdesk,2020-09-28T15:36:08Z,2022-10-02T23:19:26Z,413,8,Rust,519,320,https://github.com/rustdesk/rustdesk,29514
vue-cli,2015-12-26T23:11:20Z,2022-10-02T20:02:29Z,1257,177,JavaScript,4520,867,https://github.com/vuejs/vue-cli,29472
typeorm,2016-02-29T07:41:14Z,2022-10-02T07:21:39Z,1706,22,TypeScript,5356,1678,https://github.com/typeorm/typeorm,29412
awesome-awesomeness,2014-07-08T05:44:19Z,2022-10-02T19:51:25Z,197,0,Ruby,51,11,https://github.com/bayandin/awesome-awesomeness,29386
Magisk,2016-09-08T12:42:53Z,2022-10-02T23:03:36Z,1090,126,C++,4453,30,https://github.com/topjohnwu/Magisk,29356
certbot,2014-11-12T02:52:20Z,2022-10-02T20:02:32Z,3510,33,Python,4524,525,https://github.com/certbot/certbot,29313
foundation-sites,2011-10-13T23:05:42Z,2022-09-29T19:11:48Z,2950,76,HTML,8126,28,https://github.com/foundation/foundation-sites,29307
vim-plug,2013-09-10T14:58:51Z,2022-10-02T23:36:48Z,164,5,Vim Script,856,98,https://github.com/junegunn/vim-plug,29270
black,2018-03-14T19:54:45Z,2022-10-02T22:32:24Z,1009,22,Python,1733,316,https://github.com/psf/black,29262
zju-icicles,2016-06-28T16:17:32Z,2022-10-02T20:25:44Z,164,0,HTML,45,9,https://github.com/QSCTech/zju-icicles,29250
bypass-paywalls-chrome,2018-04-07T20:33:19Z,2022-10-02T21:10:33Z,127,32,JavaScript,997,0,https://github.com/iamadamdev/bypass-paywalls-chrome,29232
COVID-19,2020-02-04T22:03:53Z,2022-10-02T23:26:17Z,1779,0,,2009,1652,https://github.com/CSSEGISandData/COVID-19,29026
phantomjs,2010-12-27T08:18:58Z,2022-10-02T23:03:41Z,562,0,C++,4732,12,https://github.com/ariya/phantomjs,29015
awesome-rust,2014-07-17T10:45:10Z,2022-10-02T21:26:50Z,1069,0,Rust,101,9,https://github.com/rust-unofficial/awesome-rust,28923
pyenv,2012-08-31T06:57:52Z,2022-10-02T22:56:29Z,687,60,Roff,1477,31,https://github.com/pyenv/pyenv,28915
awesome-javascript,2014-07-01T15:59:02Z,2022-10-02T23:21:20Z,360,0,,79,2,https://github.com/sorrycc/awesome-javascript,28911
beego,2012-02-29T02:32:08Z,2022-10-02T14:00:01Z,1144,18,Go,3192,23,https://github.com/beego/beego,28911
starship,2019-04-02T03:23:12Z,2022-10-02T20:54:08Z,2010,113,Rust,1219,371,https://github.com/starship/starship,28883
chakra-ui,2019-08-17T14:27:54Z,2022-10-02T23:50:33Z,1984,2446,TypeScript,2787,62,https://github.com/chakra-ui/chakra-ui,28878
mitmproxy,2010-02-16T04:10:13Z,2022-10-02T21:16:20Z,1926,46,Python,2665,244,https://github.com/mitmproxy/mitmproxy,28831
cobra,2013-09-03T20:40:26Z,2022-10-02T18:51:27Z,488,17,Go,840,104,https://github.com/spf13/cobra,28831
react-boilerplate,2015-02-18T14:36:32Z,2022-10-02T21:31:13Z,715,16,JavaScript,1822,59,https://github.com/react-boilerplate/react-boilerplate,28756
gym,2016-04-27T14:59:16Z,2022-10-02T21:20:50Z,994,18,Python,1654,24,https://github.com/openai/gym,28706
dbeaver,2015-10-21T08:26:28Z,2022-10-02T22:06:47Z,2834,160,Java,11764,1557,https://github.com/dbeaver/dbeaver,28548
wtfjs,2017-07-14T15:42:12Z,2022-10-02T23:21:31Z,119,25,JavaScript,94,7,https://github.com/denysdovhan/wtfjs,28501
marked,2011-07-24T13:15:51Z,2022-10-02T19:41:52Z,886,77,JavaScript,1227,39,https://github.com/markedjs/marked,28374
metasploit-framework,2011-08-30T06:13:20Z,2022-10-02T21:13:03Z,9423,0,Ruby,4789,497,https://github.com/rapid7/metasploit-framework,28349
acme.sh,2015-12-26T12:56:33Z,2022-10-02T21:05:16Z,1177,37,Shell,1765,749,https://github.com/acmesh-official/acme.sh,28262
act,2019-01-02T19:53:43Z,2022-10-02T22:56:48Z,495,41,Go,655,73,https://github.com/nektos/act,28172
react-beautiful-dnd,2017-08-09T03:37:15Z,2022-10-02T22:00:27Z,523,68,JavaScript,1013,485,https://github.com/atlassian/react-beautiful-dnd,28161
graphql-engine,2018-06-18T07:57:36Z,2022-10-02T16:05:16Z,2109,156,TypeScript,3363,1800,https://github.com/hasura/graphql-engine,28102
tesseract.js,2015-06-24T02:49:52Z,2022-10-02T20:04:55Z,105,35,JavaScript,466,49,https://github.com/naptha/tesseract.js,28086
AppFlowy,2021-06-16T12:56:48Z,2022-10-02T23:49:06Z,570,15,Dart,223,260,https://github.com/AppFlowy-IO/AppFlowy,27970
todomvc,2011-06-03T19:56:33Z,2022-10-02T16:45:34Z,719,5,JavaScript,629,132,https://github.com/tastejs/todomvc,27967
carbon-lang,2020-04-27T21:45:16Z,2022-10-02T23:26:35Z,1309,0,C++,289,153,https://github.com/carbon-language/carbon-lang,27936
backbone,2010-09-30T19:41:28Z,2022-10-01T06:12:40Z,858,0,JavaScript,2351,44,https://github.com/jashkenas/backbone,27921
leakcanary,2015-04-29T23:54:16Z,2022-10-02T07:09:06Z,829,30,Kotlin,1365,78,https://github.com/square/leakcanary,27899
googletest,2015-07-28T15:07:53Z,2022-10-02T16:44:56Z,735,5,C++,1770,231,https://github.com/google/googletest,27890
500lines,2013-11-04T02:02:53Z,2022-10-02T23:44:11Z,175,0,JavaScript,39,30,https://github.com/aosabook/500lines,27837
vuex,2015-07-16T04:21:26Z,2022-10-02T10:19:57Z,653,51,JavaScript,1157,86,https://github.com/vuejs/vuex,27790
rxjs,2015-03-15T06:17:10Z,2022-10-02T21:15:39Z,2451,0,TypeScript,2844,203,https://github.com/ReactiveX/rxjs,27781
husky,2014-06-23T12:14:21Z,2022-10-02T22:40:47Z,189,58,JavaScript,841,15,https://github.com/typicode/husky,27765
async,2010-06-01T21:01:30Z,2022-10-02T20:01:50Z,478,7,JavaScript,1098,5,https://github.com/caolan/async,27691
slick,2014-03-24T02:10:05Z,2022-10-02T21:54:55Z,236,48,JavaScript,2378,1140,https://github.com/kenwheeler/slick,27680
aria2,2010-11-27T09:41:48Z,2022-10-02T22:20:49Z,206,23,C++,753,907,https://github.com/aria2/aria2,27609
lottie-web,2015-02-20T21:02:59Z,2022-10-02T23:08:20Z,111,0,JavaScript,1814,841,https://github.com/airbnb/lottie-web,27506
standard,2015-01-27T01:23:31Z,2022-10-02T20:19:28Z,399,4,JavaScript,1106,78,https://github.com/standard/standard,27496
awesome-php,2013-11-26T03:14:19Z,2022-10-02T20:02:41Z,386,0,,120,2,https://github.com/ziadoz/awesome-php,27374
compose,2013-12-09T11:40:58Z,2022-10-02T20:55:29Z,2400,180,Go,6101,363,https://github.com/docker/compose,27351
project-guidelines,2017-06-30T10:17:55Z,2022-10-02T20:02:45Z,113,0,JavaScript,28,9,https://github.com/elsewhencode/project-guidelines,27349
apollo,2016-03-04T10:24:23Z,2022-10-02T08:53:34Z,1248,37,Java,2758,124,https://github.com/apolloconfig/apollo,27337
legacy-homebrew,2009-05-20T19:38:37Z,2022-10-02T03:29:27Z,222,0,,17034,0,https://github.com/Homebrew/legacy-homebrew,27226
linux-insides,2015-01-03T18:44:57Z,2022-10-02T23:07:06Z,569,0,Python,152,24,https://github.com/0xAX/linux-insides,27141
composer,2011-06-08T08:53:00Z,2022-10-02T20:02:47Z,2546,167,PHP,7083,113,https://github.com/composer/composer,26964
swift-algorithm-club,2016-01-26T17:56:12Z,2022-10-02T16:41:40Z,608,0,Swift,181,29,https://github.com/raywenderlich/swift-algorithm-club,26944
webtorrent,2013-10-15T08:16:40Z,2022-10-02T20:58:45Z,594,78,JavaScript,1426,106,https://github.com/webtorrent/webtorrent,26919
curl,2010-03-18T22:32:22Z,2022-10-02T23:40:56Z,154,61,C,3469,28,https://github.com/curl/curl,26815
sequelize,2010-07-22T07:11:11Z,2022-10-02T21:38:24Z,3497,421,JavaScript,9086,765,https://github.com/sequelize/sequelize,26806
html2canvas,2011-07-16T01:05:58Z,2022-10-02T08:03:41Z,186,45,TypeScript,1630,782,https://github.com/niklasvh/html2canvas,26781
postcss,2013-09-24T23:06:48Z,2022-10-02T15:45:06Z,689,229,TypeScript,873,13,https://github.com/postcss/postcss,26734
LeetCode-Go,2017-07-18T00:06:14Z,2022-10-02T16:59:25Z,169,4,Go,54,9,https://github.com/halfrost/LeetCode-Go,26722
pandoc,2010-03-20T20:34:23Z,2022-10-02T15:23:07Z,1351,112,Haskell,5684,789,https://github.com/jgm/pandoc,26612
underscore,2009-10-25T18:31:06Z,2022-10-02T10:08:45Z,739,0,JavaScript,1380,30,https://github.com/jashkenas/underscore,26606
Faker,2011-10-14T22:49:02Z,2022-10-02T19:28:48Z,824,12,PHP,494,76,https://github.com/fzaninotto/Faker,26599
weui,2014-12-18T04:09:54Z,2022-10-01T22:11:27Z,187,37,HTML,613,41,https://github.com/Tencent/weui,26558
layui,2015-09-22T08:12:03Z,2022-10-02T09:13:17Z,121,62,JavaScript,580,8,https://github.com/layui/layui,26500
awesome-macos-command-line,2015-09-22T19:37:55Z,2022-10-02T19:23:36Z,104,0,,0,0,https://github.com/herrbischoff/awesome-macos-command-line,26309
Awesome-Design-Tools,2019-02-12T13:55:30Z,2022-10-02T22:21:17Z,283,0,JavaScript,25,3,https://github.com/goabstract/Awesome-Design-Tools,26298
interactive-coding-challenges,2015-04-28T21:36:39Z,2022-10-02T18:02:01Z,176,0,Python,31,33,https://github.com/donnemartin/interactive-coding-challenges,26245
algo,2016-05-15T03:42:48Z,2022-10-02T18:31:07Z,500,2,Jinja,1386,118,https://github.com/trailofbits/algo,26193
druid,2011-11-03T05:12:51Z,2022-10-02T09:23:47Z,983,45,Java,1359,2314,https://github.com/alibaba/druid,26081
Charts,2015-03-20T10:49:12Z,2022-10-02T18:59:21Z,402,36,Swift,3296,776,https://github.com/danielgindi/Charts,26037
diagrams,2020-02-02T15:23:24Z,2022-10-02T22:40:56Z,192,36,Python,156,232,https://github.com/mingrammer/diagrams,26015
REKCARC-TSC-UHT,2019-04-05T03:31:23Z,2022-10-02T17:01:18Z,110,0,HTML,24,0,https://github.com/PKUanonym/REKCARC-TSC-UHT,26011
uppy,2015-11-16T12:32:33Z,2022-10-02T18:49:50Z,2040,41,JavaScript,1810,80,https://github.com/transloadit/uppy,25912
ccxt,2017-05-14T15:41:56Z,2022-10-02T23:16:23Z,6454,0,JavaScript,7009,535,https://github.com/ccxt/ccxt,25821
drone,2014-02-07T07:54:44Z,2022-10-02T22:56:24Z,963,22,Go,1723,46,https://github.com/harness/drone,25808
appwrite,2019-04-08T16:36:25Z,2022-10-02T22:48:43Z,1602,48,TypeScript,1232,378,https://github.com/appwrite/appwrite,25808
n8n,2019-06-22T09:24:21Z,2022-10-02T22:32:09Z,2292,0,TypeScript,647,119,https://github.com/n8n-io/n8n,25756
mobx,2015-03-14T14:31:38Z,2022-10-02T21:51:06Z,1007,80,TypeScript,1820,13,https://github.com/mobxjs/mobx,25732
rethinkdb,2012-10-30T05:37:47Z,2022-10-01T18:59:04Z,438,70,C++,5016,1340,https://github.com/rethinkdb/rethinkdb,25706
learnGitBranching,2012-08-13T22:36:09Z,2022-10-02T22:07:02Z,501,0,JavaScript,403,16,https://github.com/pcottle/learnGitBranching,25699
calculator,2019-01-28T17:55:49Z,2022-10-02T18:27:18Z,776,0,C++,632,263,https://github.com/microsoft/calculator,25697
NeteaseCloudMusicApi,2016-06-22T11:58:03Z,2022-10-02T15:20:37Z,241,163,JavaScript,1119,78,https://github.com/Binaryify/NeteaseCloudMusicApi,25682
butterknife,2013-03-05T08:18:59Z,2022-09-29T04:01:38Z,346,0,Java,1079,97,https://github.com/JakeWharton/butterknife,25677
Sortable,2013-12-19T10:10:13Z,2022-10-02T13:05:53Z,242,24,JavaScript,1275,380,https://github.com/SortableJS/Sortable,25637
request,2011-01-23T01:25:14Z,2022-10-01T21:51:04Z,650,0,JavaScript,2166,62,https://github.com/request/request,25537
cheerio,2011-10-09T04:23:20Z,2022-10-02T12:26:27Z,1259,57,TypeScript,1082,17,https://github.com/cheeriojs/cheerio,25516
fetch,2014-10-13T00:26:19Z,2022-09-30T22:28:15Z,146,38,JavaScript,576,27,https://github.com/github/fetch,25462
select2,2012-03-04T18:43:12Z,2022-10-02T10:00:13Z,692,29,JavaScript,4653,64,https://github.com/select2/select2,25443
python-guide,2011-03-15T03:24:20Z,2022-10-02T21:58:38Z,680,0,Batchfile,173,93,https://github.com/realpython/python-guide,25396
codemirror5,2011-01-14T13:44:03Z,2022-10-02T17:43:21Z,576,164,JavaScript,3730,379,https://github.com/codemirror/codemirror5,25371
Modernizr,2009-09-25T20:13:23Z,2022-10-02T10:02:07Z,789,25,JavaScript,1309,167,https://github.com/Modernizr/Modernizr,25328
easyexcel,2018-02-06T03:14:08Z,2022-10-02T20:19:47Z,111,1,Java,2242,190,https://github.com/alibaba/easyexcel,25284
react-select,2014-08-26T04:27:45Z,2022-10-02T20:14:00Z,961,33,TypeScript,3125,214,https://github.com/JedWatson/react-select,25201
jsPDF,2009-12-06T14:56:32Z,2022-10-02T20:03:00Z,699,32,JavaScript,2136,136,https://github.com/parallax/jsPDF,25200
PaddleOCR,2020-05-08T10:38:16Z,2022-10-02T22:30:51Z,1912,6,Python,4426,1022,https://github.com/PaddlePaddle/PaddleOCR,25100
OpenAPI-Specification,2014-03-03T16:53:36Z,2022-10-02T22:48:38Z,722,10,JavaScript,1394,500,https://github.com/OAI/OpenAPI-Specification,25063
yapi,2016-05-30T09:09:09Z,2022-10-01T12:01:39Z,140,1,JavaScript,895,1438,https://github.com/YMFE/yapi,25063
fastify,2016-09-28T19:10:14Z,2022-10-02T19:35:28Z,2142,235,JavaScript,1499,41,https://github.com/fastify/fastify,25063
gitbook,2014-03-31T03:01:56Z,2022-10-02T12:56:13Z,214,0,JavaScript,0,0,https://github.com/GitbookIO/gitbook,25051
openpose,2017-04-24T14:06:31Z,2022-10-02T16:27:54Z,162,15,C++,1635,185,https://github.com/CMU-Perceptual-Computing-Lab/openpose,25028
fastjson,2011-11-03T06:58:52Z,2022-10-02T02:52:44Z,418,84,Java,1628,1800,https://github.com/alibaba/fastjson,25010
awesome-shell,2014-07-07T01:57:42Z,2022-10-02T22:19:58Z,288,0,,19,28,https://github.com/alebcay/awesome-shell,24989
ace,2010-10-27T10:43:36Z,2022-10-02T15:29:32Z,1497,21,JavaScript,2727,123,https://github.com/ajaxorg/ace,24921
Probabilistic-Programming-and-Bayesian-Methods-for-Hackers,2013-01-14T15:46:28Z,2022-10-02T21:41:48Z,240,0,Jupyter Notebook,88,148,https://github.com/CamDavidsonPilon/Probabilistic-Programming-and-Bayesian-Methods-for-Hackers,24849
mongoose,2010-04-06T21:39:05Z,2022-10-02T23:35:30Z,1994,55,JavaScript,9433,285,https://github.com/Automattic/mongoose,24840
type-challenges,2020-07-23T14:33:11Z,2022-10-02T22:03:22Z,388,0,TypeScript,1417,15107,https://github.com/type-challenges/type-challenges,24823
sqlmap,2012-06-26T09:52:15Z,2022-10-02T22:28:50Z,140,7,Python,4707,53,https://github.com/sqlmapproject/sqlmap,24789
selenium,2013-01-14T21:40:56Z,2022-10-02T21:32:37Z,1072,77,Java,8294,84,https://github.com/SeleniumHQ/selenium,24780
fd,2017-05-09T21:27:10Z,2022-10-02T23:49:59Z,373,29,Rust,591,66,https://github.com/sharkdp/fd,24749
nylas-mail,2014-10-16T18:29:12Z,2022-10-02T23:15:49Z,139,53,JavaScript,2436,984,https://github.com/nylas/nylas-mail,24695
nodemon,2010-10-03T12:50:52Z,2022-10-02T20:53:07Z,294,86,JavaScript,1555,6,https://github.com/remy/nodemon,24479
Files,2019-01-04T18:19:14Z,2022-10-02T23:50:49Z,2921,69,C#,6016,624,https://github.com/files-community/Files,24408
vagrant,2010-01-21T08:34:27Z,2022-10-02T20:03:02Z,2536,1,Ruby,8572,655,https://github.com/hashicorp/vagrant,24392
reactjs-interview-questions,2018-05-31T17:17:01Z,2022-10-02T22:51:56Z,102,0,JavaScript,54,7,https://github.com/sudheerj/reactjs-interview-questions,24356
SDWebImage,2009-09-21T17:39:19Z,2022-10-02T05:37:21Z,826,113,Objective-C,2103,39,https://github.com/SDWebImage/SDWebImage,24324
spaCy,2014-07-03T15:15:40Z,2022-10-02T23:41:03Z,2977,100,Python,5154,73,https://github.com/explosion/spaCy,24301
YouCompleteMe,2012-04-16T03:12:14Z,2022-10-02T16:28:24Z,720,0,Python,3136,5,https://github.com/ycm-core/YouCompleteMe,24287
hacker-laws,2018-01-25T03:46:34Z,2022-10-02T18:17:17Z,165,1,Shell,69,128,https://github.com/dwmkerr/hacker-laws,24257
react-virtualized,2015-11-03T00:48:07Z,2022-10-02T10:58:47Z,453,4,JavaScript,716,424,https://github.com/bvaughn/react-virtualized,24242
django-rest-framework,2011-03-02T17:13:56Z,2022-10-02T23:29:40Z,2743,14,Python,3675,96,https://github.com/encode/django-rest-framework,24205
canal,2013-01-13T10:59:52Z,2022-10-02T11:34:19Z,397,25,Java,3022,796,https://github.com/alibaba/canal,24177
yew,2017-12-16T14:19:02Z,2022-10-02T23:18:25Z,1373,30,Rust,981,82,https://github.com/yewstack/yew,24170
the_silver_searcher,2011-11-19T19:50:47Z,2022-10-02T16:19:09Z,399,0,C,406,407,https://github.com/ggreer/the_silver_searcher,24165
react-spring,2018-03-07T15:39:32Z,2022-10-02T20:37:44Z,317,42,TypeScript,1045,64,https://github.com/pmndrs/react-spring,24127
swr,2019-10-28T18:16:01Z,2022-10-02T20:04:46Z,599,84,TypeScript,561,76,https://github.com/vercel/swr,24096
nacos,2018-06-15T06:49:27Z,2022-10-02T14:03:55Z,2067,47,Java,5965,262,https://github.com/alibaba/nacos,24087
cmder,2013-07-09T07:44:22Z,2022-10-02T19:57:42Z,364,30,C++,2145,18,https://github.com/cmderdev/cmder,24062
angular-styleguide,2014-07-29T00:07:51Z,2022-10-02T19:31:19Z,331,0,,361,63,https://github.com/johnpapa/angular-styleguide,24060
swc,2017-12-22T11:40:14Z,2022-10-02T21:52:13Z,3155,206,Rust,1882,275,https://github.com/swc-project/swc,24058
hutool,2014-04-13T07:23:51Z,2022-10-02T22:06:25Z,313,122,Java,1981,2,https://github.com/dromara/hutool,24029
iview,2016-07-28T01:52:59Z,2022-10-02T08:24:45Z,526,85,Vue,4464,1108,https://github.com/iview/iview,23996
httpie,2012-02-25T12:39:13Z,2022-10-02T23:37:28Z,377,44,Python,668,112,https://github.com/httpie/httpie,23977
ngx-admin,2016-05-25T10:09:03Z,2022-10-02T23:10:06Z,334,18,TypeScript,1314,393,https://github.com/akveo/ngx-admin,23945
kit,2015-02-03T00:01:19Z,2022-10-02T20:52:38Z,474,12,Go,518,35,https://github.com/go-kit/kit,23928
etcher,2015-10-27T16:53:23Z,2022-10-02T18:13:06Z,1591,157,TypeScript,1563,378,https://github.com/balena-io/etcher,23905
lazydocker,2019-05-18T08:53:50Z,2022-10-02T20:35:28Z,124,33,Go,135,81,https://github.com/jesseduffield/lazydocker,23899
echo,2015-03-01T17:43:01Z,2022-10-02T18:12:58Z,473,94,Go,1232,58,https://github.com/labstack/echo,23883
spring-cloud-alibaba,2017-12-01T20:49:15Z,2022-10-02T16:28:34Z,653,30,Java,1485,362,https://github.com/alibaba/spring-cloud-alibaba,23759
halo,2018-03-21T12:56:52Z,2022-10-02T22:04:43Z,699,88,Java,1371,185,https://github.com/halo-dev/halo,23740
insomnia,2016-04-23T03:54:26Z,2022-10-02T23:37:08Z,1647,274,JavaScript,2255,441,https://github.com/Kong/insomnia,23733
immer,2017-12-29T12:25:47Z,2022-10-02T22:43:27Z,294,96,JavaScript,551,30,https://github.com/immerjs/immer,23720
dokku,2013-06-08T10:26:57Z,2022-10-02T22:58:18Z,2432,227,Shell,2386,51,https://github.com/dokku/dokku,23696
zsh-autosuggestions,2013-10-26T16:09:37Z,2022-10-02T19:25:34Z,104,0,Shell,411,111,https://github.com/zsh-users/zsh-autosuggestions,23615
commander.js,2011-08-14T21:33:58Z,2022-10-02T15:04:23Z,592,70,JavaScript,921,8,https://github.com/tj/commander.js,23490
sharp,2013-08-19T20:24:24Z,2022-10-02T19:41:54Z,237,53,JavaScript,2948,92,https://github.com/lovell/sharp,23472
awesome-electron,2015-04-23T11:48:53Z,2022-10-02T18:27:58Z,258,0,,41,0,https://github.com/sindresorhus/awesome-electron,23433
pipenv,2017-01-20T00:44:02Z,2022-10-02T14:03:08Z,1225,47,Python,3526,246,https://github.com/pypa/pipenv,23321
xgboost,2014-02-06T17:28:03Z,2022-10-02T18:22:28Z,3129,43,C++,4269,277,https://github.com/dmlc/xgboost,23239
hammer.js,2012-03-02T12:58:28Z,2022-10-02T15:43:51Z,114,0,JavaScript,759,274,https://github.com/hammerjs/hammer.js,23228
portainer,2016-05-19T20:15:28Z,2022-10-02T20:19:12Z,2777,97,Go,3582,828,https://github.com/portainer/portainer,23202
lede,2017-09-06T07:39:03Z,2022-10-02T23:45:41Z,1591,4,C,6633,414,https://github.com/coolsnowwolf/lede,23181
flutter-go,2019-01-08T09:03:40Z,2022-10-02T23:36:44Z,158,4,Dart,0,0,https://github.com/alibaba/flutter-go,23176
jq,2012-07-18T19:57:25Z,2022-10-02T23:07:37Z,225,9,C,1288,641,https://github.com/stedolan/jq,23173
awesome-remote-job,2015-01-02T00:31:34Z,2022-10-02T19:23:42Z,528,0,,39,5,https://github.com/lukasz-madon/awesome-remote-job,23156
BaseRecyclerViewAdapterHelper,2016-04-10T07:40:11Z,2022-10-01T16:38:03Z,191,194,Java,2907,502,https://github.com/CymChad/BaseRecyclerViewAdapterHelper,23143
lottie-ios,2016-10-06T22:38:38Z,2022-10-02T20:26:17Z,501,49,Swift,1034,46,https://github.com/airbnb/lottie-ios,23142
gitlabhq,2011-10-02T16:25:27Z,2022-10-02T20:45:17Z,2227,0,Ruby,0,0,https://github.com/gitlabhq/gitlabhq,23043
tqdm,2015-06-03T13:13:14Z,2022-10-02T21:53:38Z,270,119,Python,558,295,https://github.com/tqdm/tqdm,23021
floating-ui,2016-03-29T17:00:47Z,2022-10-02T20:03:05Z,630,238,TypeScript,919,22,https://github.com/floating-ui/floating-ui,23013
iris,2016-01-30T04:36:48Z,2022-10-02T21:14:42Z,225,25,Go,808,69,https://github.com/kataras/iris,22993
awesome-docker,2014-09-21T17:01:48Z,2022-10-02T20:51:04Z,820,1,,115,0,https://github.com/veggiemonk/awesome-docker,22986
devtools,2014-09-29T03:52:07Z,2022-10-02T20:03:07Z,251,80,TypeScript,1082,403,https://github.com/vuejs/devtools,22969
Hystrix,2012-11-19T20:14:46Z,2022-10-02T22:18:00Z,672,79,Java,681,340,https://github.com/Netflix/Hystrix,22963
JavaScript,2017-07-13T06:12:33Z,2022-10-02T21:28:02Z,591,0,JavaScript,155,1,https://github.com/TheAlgorithms/JavaScript,22954
docz,2018-03-17T04:24:10Z,2022-10-02T03:47:19Z,365,127,TypeScript,1136,102,https://github.com/doczjs/docz,22903
seata,2018-12-28T08:37:22Z,2022-09-30T02:53:35Z,1543,33,Java,2198,642,https://github.com/seata/seata,22867
nginxconfig.io,2018-01-05T14:21:14Z,2022-10-02T23:24:49Z,147,0,JavaScript,157,35,https://github.com/digitalocean/nginxconfig.io,22866
streisand,2014-03-23T21:56:19Z,2022-10-02T08:31:31Z,527,0,Shell,929,211,https://github.com/StreisandEffect/streisand,22859
AnotherRedisDesktopManager,2019-01-08T06:01:56Z,2022-10-02T15:59:11Z,125,42,JavaScript,641,113,https://github.com/qishibo/AnotherRedisDesktopManager,22859
Signal-Android,2011-12-15T20:01:12Z,2022-10-02T17:25:14Z,238,0,Java,9549,248,https://github.com/signalapp/Signal-Android,22845
react-native-elements,2016-09-08T14:21:41Z,2022-10-02T21:05:18Z,1146,82,TypeScript,1957,30,https://github.com/react-native-elements/react-native-elements,22845
fabric.js,2010-06-09T22:24:38Z,2022-10-02T22:33:46Z,1727,118,JavaScript,5318,230,https://github.com/fabricjs/fabric.js,22830
fastai,2017-09-09T17:43:36Z,2022-10-02T20:37:02Z,1610,46,Jupyter Notebook,1557,107,https://github.com/fastai/fastai,22826
first-contributions,2016-09-20T14:35:09Z,2022-10-02T23:50:28Z,46652,0,,464,15,https://github.com/firstcontributions/first-contributions,27599
swagger-ui,2011-07-15T22:56:39Z,2022-10-02T21:56:02Z,2241,242,JavaScript,4124,797,https://github.com/swagger-api/swagger-ui,22778
nsq,2012-05-12T14:37:08Z,2022-10-02T03:14:10Z,655,30,Go,563,51,https://github.com/nsqio/nsq,22776
devise,2009-09-16T12:15:12Z,2022-10-02T18:31:55Z,750,16,Ruby,3962,152,https://github.com/heartcombo/devise,22760
RxSwift,2015-04-07T21:25:17Z,2022-10-02T12:02:41Z,750,71,Swift,1179,6,https://github.com/ReactiveX/RxSwift,22748
slidev,2021-04-24T01:25:23Z,2022-10-02T23:37:09Z,164,200,TypeScript,401,41,https://github.com/slidevjs/slidev,22714
plyr,2015-02-14T11:33:07Z,2022-10-02T20:52:28Z,371,82,JavaScript,1162,741,https://github.com/sampotts/plyr,22713
helm,2015-10-06T01:07:32Z,2022-10-02T18:25:26Z,3320,163,Go,6403,297,https://github.com/helm/helm,22685
mdb-ui-kit,2014-08-18T11:54:00Z,2022-10-02T22:40:01Z,193,23,SCSS,1138,13,https://github.com/mdbootstrap/mdb-ui-kit,22675
photoprism,2018-01-27T12:00:15Z,2022-10-02T23:41:47Z,315,45,Go,1247,321,https://github.com/photoprism/photoprism,22667
fiber,2020-01-16T03:59:20Z,2022-10-02T21:15:05Z,1021,98,Go,940,22,https://github.com/gofiber/fiber,22612
pure,2013-04-22T16:16:39Z,2022-10-02T20:03:15Z,277,25,JavaScript,568,2,https://github.com/pure-css/pure,22569
mongo,2009-01-15T16:15:18Z,2022-10-02T18:42:36Z,116,0,C++,0,0,https://github.com/mongodb/mongo,22549
spacemacs,2012-12-17T21:34:03Z,2022-10-02T16:48:54Z,1536,158,Emacs Lisp,7907,347,https://github.com/syl20bnr/spacemacs,22531
solid,2018-04-24T16:36:27Z,2022-10-02T21:42:58Z,240,31,TypeScript,538,14,https://github.com/solidjs/solid,22500
awesome-swift,2014-07-10T14:04:09Z,2022-10-02T18:35:37Z,1381,0,Ruby,121,1,https://github.com/matteocrippa/awesome-swift,22491
ramda,2013-06-21T20:32:35Z,2022-10-02T21:01:11Z,1277,26,JavaScript,1455,117,https://github.com/ramda/ramda,22405
react-redux,2015-07-11T17:32:01Z,2022-10-02T19:09:07Z,488,113,TypeScript,1174,14,https://github.com/reduxjs/react-redux,22395
awesome-sysadmin,2014-02-09T22:39:20Z,2022-10-02T20:54:24Z,183,0,,26,72,https://github.com/kahun/awesome-sysadmin,22387
sails,2012-03-18T19:46:15Z,2022-10-02T09:50:42Z,536,40,JavaScript,5842,481,https://github.com/balderdashy/sails,22305
redux-saga,2015-11-29T16:58:12Z,2022-10-02T15:43:30Z,656,66,JavaScript,1413,43,https://github.com/redux-saga/redux-saga,22297
ember.js,2011-05-25T23:39:40Z,2022-10-01T23:37:45Z,7807,451,JavaScript,6247,366,https://github.com/emberjs/ember.js,22296
Wox,2013-12-19T15:49:32Z,2022-10-02T12:33:24Z,285,38,C#,2406,912,https://github.com/Wox-launcher/Wox,22277
rollup,2015-05-14T22:26:28Z,2022-10-02T09:29:53Z,1501,341,JavaScript,2468,399,https://github.com/rollup/rollup,22255
architecture-components-samples,2017-05-09T21:09:14Z,2022-10-02T02:25:39Z,214,0,Kotlin,535,137,https://github.com/android/architecture-components-samples,22247
engineering-blogs,2015-06-13T18:25:17Z,2022-10-02T04:29:19Z,680,0,Ruby,74,8,https://github.com/kilimchoi/engineering-blogs,22225
zustand,2019-04-09T09:10:06Z,2022-10-02T22:01:53Z,357,55,TypeScript,502,19,https://github.com/pmndrs/zustand,22215
iTerm2-Color-Schemes,2011-04-01T04:01:46Z,2022-10-02T22:05:11Z,266,0,Shell,79,17,https://github.com/mbadolato/iTerm2-Color-Schemes,22204
octotree,2014-05-09T18:15:20Z,2022-10-02T19:50:15Z,249,0,JavaScript,703,39,https://github.com/ovity/octotree,22193
faas,2016-12-22T12:51:39Z,2022-10-02T20:31:27Z,666,156,Go,780,23,https://github.com/openfaas/faas,22177
vapor,2016-01-18T22:37:52Z,2022-10-02T22:46:04Z,1066,459,Swift,1432,81,https://github.com/vapor/vapor,22127
guzzle,2011-02-28T02:44:05Z,2022-10-02T19:28:46Z,888,53,PHP,1749,23,https://github.com/guzzle/guzzle,22104
mostly-adequate-guide,2015-05-06T01:44:15Z,2022-10-02T23:36:51Z,270,1,JavaScript,203,67,https://github.com/MostlyAdequate/mostly-adequate-guide,22102
draft-js,2016-02-19T20:18:26Z,2022-10-02T10:10:26Z,216,26,JavaScript,974,791,https://github.com/facebook/draft-js,22096
hub,2009-12-05T22:15:25Z,2022-10-02T23:00:21Z,399,60,Go,1756,238,https://github.com/github/hub,22080
quasar,2015-10-05T15:45:36Z,2022-10-02T09:37:27Z,3255,707,JavaScript,6605,344,https://github.com/quasarframework/quasar,22069
poetry,2018-02-28T15:23:47Z,2022-10-02T21:25:53Z,1371,116,Python,3476,822,https://github.com/python-poetry/poetry,22046
chosen,2011-04-18T15:07:41Z,2022-10-02T18:24:27Z,310,34,HTML,2120,248,https://github.com/harvesthq/chosen,22044
pkg,2016-08-08T19:41:59Z,2022-10-02T18:59:13Z,161,40,JavaScript,1246,54,https://github.com/vercel/pkg,22035
wepy,2016-11-14T08:06:56Z,2022-10-02T03:55:34Z,465,8,JavaScript,1790,352,https://github.com/Tencent/wepy,21908
yuzu,2018-01-03T18:13:57Z,2022-10-02T23:41:31Z,4939,0,C++,2063,965,https://github.com/yuzu-emu/yuzu,21873
polymer,2012-08-23T20:56:30Z,2022-10-01T16:13:31Z,1071,115,HTML,3865,40,https://github.com/Polymer/polymer,21852
flow,2014-10-28T17:17:45Z,2022-10-02T10:51:52Z,160,261,OCaml,4350,2238,https://github.com/facebook/flow,21845
redash,2013-10-28T13:19:39Z,2022-10-02T22:11:01Z,2663,98,Python,1740,492,https://github.com/getredash/redash,21827
weekly,2017-03-20T06:10:04Z,2022-10-02T14:40:36Z,123,157,JavaScript,308,1,https://github.com/ascoders/weekly,21804
ShareX,2013-10-08T23:32:10Z,2022-10-02T23:28:15Z,703,75,C#,5148,347,https://github.com/ShareX/ShareX,21800
uptime-kuma,2021-07-03T01:02:42Z,2022-10-02T23:27:52Z,530,58,JavaScript,856,587,https://github.com/louislam/uptime-kuma,21786
alpine,2019-11-28T13:51:55Z,2022-10-02T22:12:57Z,476,108,HTML,558,19,https://github.com/alpinejs/alpine,21779
CheatSheetSeries,2018-12-21T14:26:43Z,2022-10-02T22:17:38Z,593,0,Python,268,28,https://github.com/OWASP/CheatSheetSeries,21738
docsify,2016-11-20T07:55:43Z,2022-10-02T20:01:16Z,506,12,JavaScript,935,178,https://github.com/docsifyjs/docsify,21722
react-navigation,2017-01-26T19:51:40Z,2022-10-02T09:31:42Z,1001,1188,TypeScript,8232,546,https://github.com/react-navigation/react-navigation,21673
mocha,2011-03-07T18:44:25Z,2022-10-02T13:35:26Z,1163,74,JavaScript,2594,243,https://github.com/mochajs/mocha,21670
eShopOnContainers,2016-10-05T22:35:23Z,2022-10-02T23:36:15Z,496,10,C#,1155,24,https://github.com/dotnet-architecture/eShopOnContainers,21654
algorithms,2016-11-17T22:32:08Z,2022-10-02T15:22:57Z,422,1,Python,97,59,https://github.com/keon/algorithms,21647
NativeScript,2015-03-01T09:47:08Z,2022-10-02T19:24:23Z,2936,123,TypeScript,5572,907,https://github.com/NativeScript/NativeScript,21640
Dress,2018-02-11T03:49:29Z,2022-10-02T17:50:12Z,569,0,Standard ML,311,53,https://github.com/komeiji-satori/Dress,21615
servo,2012-02-08T19:07:25Z,2022-10-02T05:02:52Z,14188,0,,8251,3397,https://github.com/servo/servo,21609
hosts,2012-04-12T20:22:50Z,2022-10-02T23:44:06Z,408,465,Python,1444,29,https://github.com/StevenBlack/hosts,21567
mmdetection,2018-08-22T07:06:06Z,2022-10-02T16:32:37Z,1889,38,Python,5760,589,https://github.com/open-mmlab/mmdetection,21564
SwiftyJSON,2014-06-18T14:41:15Z,2022-10-02T10:34:34Z,215,21,Swift,573,115,https://github.com/SwiftyJSON/SwiftyJSON,21554
intro.js,2013-03-10T15:12:45Z,2022-10-02T20:16:03Z,376,32,JavaScript,704,45,https://github.com/usablica/intro.js,21540
glances,2011-12-04T08:49:15Z,2022-10-02T17:02:15Z,442,29,Python,1319,224,https://github.com/nicolargo/glances,21511
react-starter-kit,2014-04-16T13:08:18Z,2022-10-02T20:53:48Z,516,5,TypeScript,1175,3,https://github.com/kriasoft/react-starter-kit,21510
applied-ml,2020-07-04T18:57:47Z,2022-10-02T18:05:58Z,190,0,,13,3,https://github.com/eugeneyan/applied-ml,21485
RSSHub,2018-04-02T14:43:21Z,2022-10-02T22:02:40Z,5625,226,JavaScript,3627,270,https://github.com/DIYgod/RSSHub,21446
gson,2015-03-19T18:21:20Z,2022-10-02T17:39:48Z,383,4,Java,1187,303,https://github.com/google/gson,21433
xstate,2015-09-14T15:04:15Z,2022-10-02T21:47:55Z,1168,175,TypeScript,958,164,https://github.com/statelyai/xstate,21393
logrus,2013-10-16T19:08:55Z,2022-10-02T23:13:12Z,397,14,Go,635,3,https://github.com/sirupsen/logrus,21388
eslint,2013-06-29T23:59:48Z,2022-10-02T20:28:41Z,5243,276,JavaScript,9155,109,https://github.com/eslint/eslint,21374
ImHex,2020-11-10T14:27:00Z,2022-10-02T22:20:41Z,206,44,C++,450,53,https://github.com/WerWolv/ImHex,21321
ipfs,2014-02-11T07:28:24Z,2022-10-02T21:08:08Z,126,0,,204,8,https://github.com/ipfs/ipfs,21279
github1s,2019-06-16T09:55:25Z,2022-10-02T11:41:50Z,236,31,TypeScript,140,50,https://github.com/conwnet/github1s,21263
JavaScript30,2016-12-07T19:15:31Z,2022-10-02T23:42:20Z,145,0,HTML,0,0,https://github.com/wesbos/JavaScript30,21227
coc.nvim,2018-05-01T22:39:02Z,2022-10-02T16:53:02Z,640,82,TypeScript,2887,11,https://github.com/neoclide/coc.nvim,21224
pytorch-image-models,2019-02-02T05:51:12Z,2022-10-02T15:56:58Z,174,35,Python,529,60,https://github.com/rwightman/pytorch-image-models,21172
NewPipe,2015-09-03T23:39:26Z,2022-10-02T23:34:23Z,1288,122,Java,5978,1144,https://github.com/TeamNewPipe/NewPipe,21172
docker_practice,2014-09-05T04:06:39Z,2022-10-02T22:38:47Z,245,15,Go,197,4,https://github.com/yeasy/docker_practice,21166
react-motion,2015-06-11T07:38:23Z,2022-10-01T11:29:34Z,144,4,JavaScript,248,146,https://github.com/chenglou/react-motion,21154
react-bootstrap,2013-12-27T19:06:07Z,2022-10-02T17:36:51Z,2517,45,TypeScript,3209,134,https://github.com/react-bootstrap/react-bootstrap,21134
C-Plus-Plus,2016-07-16T10:19:45Z,2022-10-02T23:50:15Z,521,0,C++,195,22,https://github.com/TheAlgorithms/C-Plus-Plus,21126
docker-cheat-sheet,2014-08-05T20:04:20Z,2022-10-01T20:26:43Z,134,0,,22,5,https://github.com/wsargent/docker-cheat-sheet,21125
awesome-vscode,2016-02-07T23:02:45Z,2022-10-02T22:21:29Z,240,0,JavaScript,23,18,https://github.com/viatsko/awesome-vscode,21117
k3s,2018-05-31T01:37:46Z,2022-10-02T20:44:11Z,2004,440,Go,3209,352,https://github.com/k3s-io/k3s,21097
localForage,2013-10-31T00:10:06Z,2022-10-02T13:57:28Z,267,26,JavaScript,489,194,https://github.com/localForage/localForage,21079
Hero,2016-11-24T18:49:37Z,2022-10-02T18:57:18Z,116,38,Swift,567,27,https://github.com/HeroTransitions/Hero,21053
idiomatic.js,2011-05-25T17:48:59Z,2022-10-02T20:19:45Z,114,0,,48,32,https://github.com/rwaldron/idiomatic.js,21018
discord.js,2015-08-10T13:36:26Z,2022-10-02T22:46:01Z,3584,119,JavaScript,3351,74,https://github.com/discordjs/discord.js,21002
nushell,2019-05-10T16:59:42Z,2022-10-02T22:01:40Z,3439,60,Rust,2319,443,https://github.com/nushell/nushell,20976
pug,2010-06-23T01:05:42Z,2022-10-02T18:08:51Z,501,22,JavaScript,2263,268,https://github.com/pugjs/pug,20954
NLP-progress,2018-06-22T17:43:55Z,2022-10-02T18:32:13Z,467,3,Python,65,32,https://github.com/sebastianruder/NLP-progress,20909
RedisDesktopManager,2013-08-05T07:51:08Z,2022-10-01T11:40:55Z,422,86,C++,4490,38,https://github.com/uglide/RedisDesktopManager,20859
run,2022-04-10T05:42:40Z,2022-10-02T20:01:21Z,161,0,,187,42,https://github.com/The-Run-Philosophy-Organization/run,20851
vuepress,2018-04-05T16:58:38Z,2022-10-02T20:03:27Z,768,21,JavaScript,1406,471,https://github.com/vuejs/vuepress,20842
elixir,2011-01-09T08:43:57Z,2022-10-02T22:35:39Z,6115,124,Elixir,4781,19,https://github.com/elixir-lang/elixir,20830
croc,2017-10-17T15:20:18Z,2022-10-02T20:58:56Z,138,135,Go,258,84,https://github.com/schollz/croc,20828
streamlit,2019-08-24T00:14:52Z,2022-10-02T19:44:24Z,2238,45,Python,2195,527,https://github.com/streamlit/streamlit,20817
DesignPatternsPHP,2011-08-22T05:24:31Z,2022-10-02T20:03:29Z,276,0,PHP,111,0,https://github.com/DesignPatternsPHP/DesignPatternsPHP,20792
go-zero,2020-08-07T15:37:57Z,2022-10-02T16:25:02Z,1156,73,Go,878,104,https://github.com/zeromicro/go-zero,20774
homebridge,2014-12-01T16:37:39Z,2022-10-02T20:19:57Z,297,31,TypeScript,2805,13,https://github.com/homebridge/homebridge,20771
tornado,2009-09-09T04:55:16Z,2022-10-02T02:14:40Z,857,0,Python,1547,193,https://github.com/tornadoweb/tornado,20765
viper,2014-04-02T14:33:33Z,2022-10-02T20:43:24Z,258,20,Go,400,348,https://github.com/spf13/viper,20763
astro,2021-03-15T17:19:47Z,2022-10-02T21:37:26Z,2710,706,TypeScript,1636,106,https://github.com/withastro/astro,20739
howler.js,2013-01-28T16:47:12Z,2022-10-02T03:46:08Z,127,24,JavaScript,1038,285,https://github.com/goldfire/howler.js,20737
react-admin,2016-07-13T07:58:54Z,2022-10-02T18:33:53Z,3609,253,TypeScript,3778,92,https://github.com/marmelab/react-admin,20715
gentelella,2015-05-15T06:57:27Z,2022-10-02T20:03:32Z,162,7,HTML,609,30,https://github.com/ColorlibHQ/gentelella,20622
Kingfisher,2015-04-06T14:26:21Z,2022-10-02T13:39:25Z,556,167,Swift,1162,71,https://github.com/onevcat/Kingfisher,20620
the-swift-programming-language-in-chinese,2014-06-03T04:44:09Z,2022-10-02T03:27:10Z,693,1,CSS,395,8,https://github.com/SwiftGGTeam/the-swift-programming-language-in-chinese,20608
autoprefixer,2013-03-14T05:04:51Z,2022-10-01T07:55:55Z,270,191,JavaScript,1093,33,https://github.com/postcss/autoprefixer,20585
The-Art-Of-Programming-By-July,2013-12-14T10:00:06Z,2022-10-02T10:21:41Z,254,0,C,83,47,https://github.com/julycoding/The-Art-Of-Programming-By-July,20566
libgdx,2012-08-10T19:34:38Z,2022-10-02T18:13:27Z,2447,9,Java,3348,185,https://github.com/libgdx/libgdx,20543
highlight.js,2011-01-01T23:47:21Z,2022-10-02T20:03:34Z,1296,34,JavaScript,1804,60,https://github.com/highlightjs/highlight.js,20493
tips,2015-07-15T07:24:48Z,2022-10-02T23:32:39Z,138,0,JavaScript,17,19,https://github.com/git-tips/tips,20471
bitcoinbook,2013-08-11T23:18:28Z,2022-10-02T13:42:40Z,435,3,AsciiDoc,296,62,https://github.com/bitcoinbook/bitcoinbook,20447
micro,2016-03-11T02:06:28Z,2022-10-02T22:54:25Z,550,33,Go,1193,631,https://github.com/zyedidia/micro,20390
SummaryOfLoanSuspension,2022-07-12T16:33:25Z,2022-10-02T21:58:28Z,276,0,HTML,0,0,https://github.com/WeNeedHome/SummaryOfLoanSuspension,20336
editor.js,2015-11-28T20:56:35Z,2022-10-02T21:58:58Z,678,31,TypeScript,743,393,https://github.com/codex-team/editor.js,20314
DeepSpeech,2016-06-02T15:04:53Z,2022-10-02T18:29:21Z,1338,105,C++,1972,99,https://github.com/mozilla/DeepSpeech,20304
es6tutorial,2014-04-20T13:06:28Z,2022-10-02T01:32:28Z,362,0,JavaScript,546,0,https://github.com/ruanyf/es6tutorial,20295
Awesome,2016-05-30T17:27:35Z,2022-10-02T22:21:27Z,206,0,,75,35,https://github.com/Awesome-Windows/Awesome,20276
You-Dont-Need-jQuery,2015-11-21T16:02:26Z,2022-10-02T21:11:18Z,164,1,JavaScript,66,2,https://github.com/camsong/You-Dont-Need-jQuery,20256
vant,2017-04-19T07:55:31Z,2022-10-02T05:33:28Z,4256,191,TypeScript,6370,30,https://github.com/youzan/vant,20251
electron-react-boilerplate,2015-05-18T09:54:57Z,2022-10-02T22:54:44Z,780,58,TypeScript,1674,45,https://github.com/electron-react-boilerplate/electron-react-boilerplate,20241
vegeta,2013-08-13T11:45:21Z,2022-10-02T15:14:39Z,131,63,Go,302,85,https://github.com/tsenart/vegeta,20232
validator.js,2010-10-06T06:58:48Z,2022-10-02T20:03:39Z,649,9,JavaScript,788,147,https://github.com/validatorjs/validator.js,20231
Aerial,2015-10-26T21:21:31Z,2022-10-02T12:20:18Z,216,184,Swift,922,47,https://github.com/JohnCoates/Aerial,20184
celery,2009-04-24T11:31:24Z,2022-10-02T23:46:50Z,1824,37,Python,4235,510,https://github.com/celery/celery,20182
libuv,2013-11-30T00:29:56Z,2022-10-02T14:31:40Z,701,5,C,1380,113,https://github.com/libuv/libuv,20172
bluebird,2013-09-07T19:39:57Z,2022-09-30T16:03:37Z,291,123,JavaScript,1073,66,https://github.com/petkaantonov/bluebird,20155
mpv,2012-10-13T08:08:44Z,2022-10-02T22:49:11Z,1312,80,C,6953,815,https://github.com/mpv-player/mpv,20148
autocomplete,2020-09-29T02:21:06Z,2022-10-02T22:15:43Z,984,1085,TypeScript,281,141,https://github.com/withfig/autocomplete,20125
games,2012-01-05T19:48:55Z,2022-10-02T22:18:43Z,192,0,,82,163,https://github.com/leereilly/games,20078
api-guidelines,2016-07-12T20:01:24Z,2022-10-01T07:20:38Z,145,0,,89,85,https://github.com/microsoft/api-guidelines,20070
openzeppelin-contracts,2016-08-01T20:54:54Z,2022-10-02T16:35:20Z,1512,69,JavaScript,1368,114,https://github.com/OpenZeppelin/openzeppelin-contracts,20012
GPUImage,2012-02-13T15:20:02Z,2022-10-02T14:26:01Z,241,3,Objective-C,1308,904,https://github.com/BradLarson/GPUImage,20002
stb,2014-05-25T16:51:23Z,2022-10-02T23:03:51Z,276,0,C,605,93,https://github.com/nothings/stb,20001
ava,2014-11-18T17:20:26Z,2022-10-02T02:40:35Z,1003,90,JavaScript,1501,86,https://github.com/avajs/ava,19997
ReactiveCocoa,2012-03-02T22:11:24Z,2022-10-01T03:48:17Z,1348,83,Swift,2002,0,https://github.com/ReactiveCocoa/ReactiveCocoa,19979
enzyme,2015-11-10T21:45:38Z,2022-10-02T23:43:10Z,646,0,JavaScript,1505,257,https://github.com/enzymejs/enzyme,19948
Sentinel,2018-04-04T06:37:33Z,2022-10-01T20:27:41Z,437,21,Java,1457,460,https://github.com/alibaba/Sentinel,19937
monolog,2011-02-17T02:07:15Z,2022-10-02T19:28:28Z,646,60,PHP,725,21,https://github.com/Seldaek/monolog,19923
tdesktop,2014-05-02T12:36:31Z,2022-10-02T22:31:31Z,1063,589,C++,10828,768,https://github.com/telegramdesktop/tdesktop,19915
redisson,2014-01-11T14:06:25Z,2022-10-02T16:00:25Z,304,112,Java,3758,305,https://github.com/redisson/redisson,19892
linux-command,2016-11-12T15:44:26Z,2022-10-02T16:31:42Z,232,21,Markdown,81,46,https://github.com/jaywcjlove/linux-command,19878
awesome-piracy,2018-10-09T22:09:56Z,2022-10-02T20:35:34Z,182,0,HTML,133,143,https://github.com/Igglybuff/awesome-piracy,19878
ExoPlayer,2014-06-13T21:19:18Z,2022-10-02T11:21:21Z,533,20,Java,8821,655,https://github.com/google/ExoPlayer,19871
locust,2011-02-17T11:08:03Z,2022-10-02T12:52:34Z,595,83,Python,1352,14,https://github.com/locustio/locust,19852
remote-jobs,2015-10-13T03:49:25Z,2022-10-02T22:01:29Z,991,0,JavaScript,109,15,https://github.com/remoteintech/remote-jobs,19841
python-telegram-bot,2015-07-07T15:30:39Z,2022-10-02T20:30:56Z,968,96,Python,1714,18,https://github.com/python-telegram-bot/python-telegram-bot,19811
react-three-fiber,2019-02-25T14:31:51Z,2022-10-02T22:02:27Z,430,33,TypeScript,721,19,https://github.com/pmndrs/react-three-fiber,19779
parse-server,2016-01-28T18:29:14Z,2022-10-02T16:55:16Z,3086,182,JavaScript,3943,258,https://github.com/parse-community/parse-server,19778
snowpack,2019-02-26T15:45:38Z,2022-10-02T20:03:43Z,1203,83,JavaScript,535,344,https://github.com/FredKSchott/snowpack,19756
awesome-actions,2018-10-17T17:53:45Z,2022-10-02T20:13:22Z,439,0,,24,14,https://github.com/sdras/awesome-actions,19743
pnpm,2016-01-28T07:40:43Z,2022-10-02T22:25:23Z,1410,780,TypeScript,1861,849,https://github.com/pnpm/pnpm,19700
RxAndroid,2014-08-19T03:46:38Z,2022-09-29T22:42:17Z,171,18,Java,341,2,https://github.com/ReactiveX/RxAndroid,19697
fish-shell,2012-05-10T03:00:55Z,2022-10-02T21:40:21Z,1460,37,C++,5994,454,https://github.com/fish-shell/fish-shell,19673
xi-editor,2016-04-26T23:03:23Z,2022-10-02T15:13:26Z,664,0,Rust,397,131,https://github.com/xi-editor/xi-editor,19610
RxJS,2012-01-07T00:31:41Z,2022-10-02T03:45:54Z,520,34,JavaScript,643,231,https://github.com/Reactive-Extensions/RxJS,19606
awesome-datascience,2014-07-05T07:07:43Z,2022-10-02T22:46:38Z,273,0,,44,0,https://github.com/academic/awesome-datascience,19583
macOS-Security-and-Privacy-Guide,2015-08-31T03:36:35Z,2022-10-02T15:10:23Z,138,0,Python,230,12,https://github.com/drduh/macOS-Security-and-Privacy-Guide,19572
winston,2010-12-29T18:49:51Z,2022-10-02T16:27:31Z,475,16,JavaScript,947,401,https://github.com/winstonjs/winston,19544
wttr.in,2015-12-26T21:03:43Z,2022-10-02T21:38:00Z,246,0,Python,300,205,https://github.com/chubin/wttr.in,19541
firecracker,2017-10-19T06:18:47Z,2022-10-02T22:36:04Z,1558,53,Rust,1146,118,https://github.com/firecracker-microvm/firecracker,19526
awesome-deep-learning,2015-01-02T19:28:35Z,2022-10-02T23:54:41Z,160,0,,14,3,https://github.com/ChristosChristofidis/awesome-deep-learning,19511
